0,0,0,0,0,0,0,0,1,1,1,1,1,0,0,1,1,0,0,0,0,0,0,0,0,0,0,0,0,0,0,0,0,0,0,0,0,0,0,0,0,0,0,0,0,0,0,0,0,0,0,1,1,1,1,1,0,0,1,1,0,0,0,0,0,0,0,0,0,0,0,0,0,0,0,0,0,0,0,0,0,0,0,0,0,0,0,0,0,0,0,0,0,0,1,1,1,1,1,0,0,1,1,0,0,0,0,0,0,0,0,0,0,0,0,0,0,0,0,0,0,0,0,0,0,0,0,0,0,0,0
171.593,3,84132,5,320000000,117,8,2,true,false,ore,false,false,30000000,200000,true,false,900,2,2,120,10,5,.8,1.00,.4,.5,.8,1200,.25,80,60,1,3,1664,1024,1408,1,939,143.34,157086948,148908642,29999795,18692833,6877340,50756,5,320000000,117,8,2,true,false,ore,false,false,30000000,200000,true,false,900,2,2,120,10,5,.8,1.00,.4,.5,.8,1200,.25,80,60,1,3,1664,1024,1408,1,939,64.18,151251932,486,7177340,7164957,10,11970,5,320000000,1,8,2,true,false,ore,false,false,30000000,200000,true,false,900,2,2,120,10,5,.8,1.00,.4,.5,.8,1200,.25,80,60,1,3,1664,1024,1408,1,939,3.63,9676,243,10,10,5
258.115,3,170763,50,256000000,75,8,4,false,false,inial,true,true,40000000,250000,true,true,1000,6,4,120,70,10,.6,.60,.2,.9,.9,1400,.15,10,40,4,1,1152,1792,1024,4,295,143.34,157086948,148908642,29999795,18692833,6877340,44641,50,256000000,75,8,4,false,false,inial,true,true,40000000,250000,true,true,1000,6,4,120,70,10,.6,.60,.2,.9,.9,1400,.15,10,40,4,1,1152,1792,1024,4,295,64.18,151251932,486,7177340,7164957,10,11922,50,256000000,1,8,4,false,false,inial,true,true,40000000,250000,true,true,1000,6,4,120,70,10,.6,.60,.2,.9,.9,1400,.15,10,40,4,1,1152,1792,1024,4,295,3.63,9676,243,10,10,5
107.838,3,45717,5,384000000,23,8,1,false,false,inial,true,false,50000000,400000,true,false,600,6,2,100,10,20,1.0,.95,.4,.6,.8,1800,.80,90,60,2,4,1024,1152,1152,1,567,143.34,157086948,148908642,29999795,18692833,6877340,20852,5,384000000,23,8,1,false,false,inial,true,false,50000000,400000,true,false,600,6,2,100,10,20,1.0,.95,.4,.6,.8,1800,.80,90,60,2,4,1024,1152,1152,1,567,64.18,151251932,486,7177340,7164957,10,11580,5,384000000,1,8,1,false,false,inial,true,false,50000000,400000,true,false,600,6,2,100,10,20,1.0,.95,.4,.6,.8,1800,.80,90,60,2,4,1024,1152,1152,1,567,3.63,9676,243,10,10,5
99.859,3,45034,5,512000000,4,8,2,false,false,none,true,false,20000000,400000,true,false,800,4,8,150,90,5,.7,1.00,.2,.7,.5,600,.15,70,50,2,4,2048,1280,1792,4,577,143.34,157086948,148908642,29999795,18692833,6877340,13595,5,512000000,4,8,2,false,false,none,true,false,20000000,400000,true,false,800,4,8,150,90,5,.7,1.00,.2,.7,.5,600,.15,70,50,2,4,2048,1280,1792,4,577,64.18,151251932,486,7177340,7164957,10,11677,5,512000000,1,8,2,false,false,none,true,false,20000000,400000,true,false,800,4,8,150,90,5,.7,1.00,.2,.7,.5,600,.15,70,50,2,4,2048,1280,1792,4,577,3.63,9676,243,10,10,5
182.043,3,90795,10,384000000,96,8,1,true,false,inial,true,true,70000000,350000,true,false,800,6,8,130,100,10,.5,.80,.4,.6,.1,1700,1.00,80,50,1,4,2048,1280,1280,1,278,143.34,157086948,148908642,29999795,18692833,6877340,46527,10,384000000,96,8,1,true,false,inial,true,true,70000000,350000,true,false,800,6,8,130,100,10,.5,.80,.4,.6,.1,1700,1.00,80,50,1,4,2048,1280,1280,1,278,64.18,151251932,486,7177340,7164957,10,12615,10,384000000,1,8,1,true,false,inial,true,true,70000000,350000,true,false,800,6,8,130,100,10,.5,.80,.4,.6,.1,1700,1.00,80,50,1,4,2048,1280,1280,1,278,3.63,9676,243,10,10,5
131.989,3,78764,10,448000000,2,8,1,true,false,none,false,true,60000000,300000,true,false,500,4,4,130,30,10,.7,.55,.5,.8,.7,2000,.50,80,40,4,2,1920,1152,1024,2,997,143.34,157086948,148908642,29999795,18692833,6877340,11835,10,448000000,2,8,1,true,false,none,false,true,60000000,300000,true,false,500,4,4,130,30,10,.7,.55,.5,.8,.7,2000,.50,80,40,4,2,1920,1152,1024,2,997,64.18,151251932,486,7177340,7164957,10,12186,10,448000000,1,8,1,true,false,none,false,true,60000000,300000,true,false,500,4,4,130,30,10,.7,.55,.5,.8,.7,2000,.50,80,40,4,2,1920,1152,1024,2,997,3.63,9676,243,10,10,5
163.602,3,89138,10,384000000,65,8,1,true,false,none,false,false,100000000,400000,true,false,900,10,2,110,20,5,.9,.95,.5,.9,0,1900,.90,30,60,4,3,1536,1792,1152,4,643,143.34,157086948,148908642,29999795,18692833,6877340,35205,10,384000000,65,8,1,true,false,none,false,false,100000000,400000,true,false,900,10,2,110,20,5,.9,.95,.5,.9,0,1900,.90,30,60,4,3,1536,1792,1152,4,643,64.18,151251932,486,7177340,7164957,10,11572,10,384000000,1,8,1,true,false,none,false,false,100000000,400000,true,false,900,10,2,110,20,5,.9,.95,.5,.9,0,1900,.90,30,60,4,3,1536,1792,1152,4,643,3.63,9676,243,10,10,5
269.898,3,176367,50,128000000,115,8,1,true,false,none,false,true,100000000,200000,false,true,1000,6,4,120,100,20,.9,.95,.5,.8,.8,600,.45,30,40,2,2,1152,1152,1792,2,298,143.34,157086948,148908642,29999795,18692833,6877340,52160,50,128000000,115,8,1,true,false,none,false,true,100000000,200000,false,true,1000,6,4,120,100,20,.9,.95,.5,.8,.8,600,.45,30,40,2,2,1152,1152,1792,2,298,64.18,151251932,486,7177340,7164957,10,12625,50,128000000,1,8,1,true,false,none,false,true,100000000,200000,false,true,1000,6,4,120,100,20,.9,.95,.5,.8,.8,600,.45,30,40,2,2,1152,1152,1792,2,298,3.63,9676,243,10,10,5
103.788,3,47788,5,192000000,22,8,1,false,false,none,false,false,60000000,200000,true,false,900,6,12,130,20,10,1.0,1.00,.5,.6,.8,1100,.35,80,50,3,4,1536,1280,2048,2,941,143.34,157086948,148908642,29999795,18692833,6877340,19388,5,192000000,22,8,1,false,false,none,false,false,60000000,200000,true,false,900,6,12,130,20,10,1.0,1.00,.5,.6,.8,1100,.35,80,50,3,4,1536,1280,2048,2,941,64.18,151251932,486,7177340,7164957,10,11624,5,192000000,1,8,1,false,false,none,false,false,60000000,200000,true,false,900,6,12,130,20,10,1.0,1.00,.5,.6,.8,1100,.35,80,50,3,4,1536,1280,2048,2,941,3.63,9676,243,10,10,5
281.88,3,184208,50,448000000,108,8,2,false,false,inial,true,false,80000000,300000,false,true,500,12,10,120,100,15,.8,.90,.5,.7,.1,1700,.10,50,60,1,3,1664,2048,1024,1,912,143.34,157086948,148908642,29999795,18692833,6877340,57151,50,448000000,108,8,2,false,false,inial,true,false,80000000,300000,false,true,500,12,10,120,100,15,.8,.90,.5,.7,.1,1700,.10,50,60,1,3,1664,2048,1024,1,912,64.18,151251932,486,7177340,7164957,10,12658,50,448000000,1,8,2,false,false,inial,true,false,80000000,300000,false,true,500,12,10,120,100,15,.8,.90,.5,.7,.1,1700,.10,50,60,1,3,1664,2048,1024,1,912,3.63,9676,243,10,10,5
201.958,3,104336,10,384000000,128,8,3,true,false,ore,true,true,80000000,150000,false,true,500,6,6,150,100,10,.8,.70,.3,.8,.8,700,.70,50,60,2,4,1920,1152,1664,3,265,143.34,157086948,148908642,29999795,18692833,6877340,56757,10,384000000,128,8,3,true,false,ore,true,true,80000000,150000,false,true,500,6,6,150,100,10,.8,.70,.3,.8,.8,700,.70,50,60,2,4,1920,1152,1664,3,265,64.18,151251932,486,7177340,7164957,10,12664,10,384000000,1,8,3,true,false,ore,true,true,80000000,150000,false,true,500,6,6,150,100,10,.8,.70,.3,.8,.8,700,.70,50,60,2,4,1920,1152,1664,3,265,3.63,9676,243,10,10,5
175.58,3,89946,5,128000000,102,8,1,true,false,none,false,false,100000000,400000,true,true,800,12,8,130,90,5,.9,.80,.2,.8,1.0,1200,.70,90,50,4,2,1280,1920,1152,1,391,143.34,157086948,148908642,29999795,18692833,6877340,48457,5,128000000,102,8,1,true,false,none,false,false,100000000,400000,true,true,800,12,8,130,90,5,.9,.80,.2,.8,1.0,1200,.70,90,50,4,2,1280,1920,1152,1,391,64.18,151251932,486,7177340,7164957,10,12622,5,128000000,1,8,1,true,false,none,false,false,100000000,400000,true,true,800,12,8,130,90,5,.9,.80,.2,.8,1.0,1200,.70,90,50,4,2,1280,1920,1152,1,391,3.63,9676,243,10,10,5
177.972,3,86493,5,192000000,103,8,1,false,false,ore,false,true,90000000,100000,true,false,1000,12,2,140,80,15,.6,.85,.5,.5,.3,1400,.25,80,50,1,2,1792,2048,2048,3,224,143.34,157086948,148908642,29999795,18692833,6877340,49936,5,192000000,103,8,1,false,false,ore,false,true,90000000,100000,true,false,1000,12,2,140,80,15,.6,.85,.5,.5,.3,1400,.25,80,50,1,2,1792,2048,2048,3,224,64.18,151251932,486,7177340,7164957,10,11588,5,192000000,1,8,1,false,false,ore,false,true,90000000,100000,true,false,1000,12,2,140,80,15,.6,.85,.5,.5,.3,1400,.25,80,50,1,2,1792,2048,2048,3,224,3.63,9676,243,10,10,5
193.624,3,100740,10,320000000,115,8,2,false,false,inial,false,false,70000000,200000,false,false,700,8,2,110,80,20,.7,1.00,.4,.7,.9,1100,.50,10,40,2,2,1280,1664,1408,4,426,143.34,157086948,148908642,29999795,18692833,6877340,54538,10,320000000,115,8,2,false,false,inial,false,false,70000000,200000,false,false,700,8,2,110,80,20,.7,1.00,.4,.7,.9,1100,.50,10,40,2,2,1280,1664,1408,4,426,64.18,151251932,486,7177340,7164957,10,12102,10,320000000,1,8,2,false,false,inial,false,false,70000000,200000,false,false,700,8,2,110,80,20,.7,1.00,.4,.7,.9,1100,.50,10,40,2,2,1280,1664,1408,4,426,3.63,9676,243,10,10,5
226.045,3,163679,50,320000000,5,8,2,false,false,none,true,true,60000000,200000,false,true,1000,12,4,130,30,20,.5,.85,.4,.5,0,1900,.30,90,50,2,4,1024,1152,1792,2,778,143.34,157086948,148908642,29999795,18692833,6877340,18370,50,320000000,5,8,2,false,false,none,true,true,60000000,200000,false,true,1000,12,4,130,30,20,.5,.85,.4,.5,0,1900,.30,90,50,2,4,1024,1152,1792,2,778,64.18,151251932,486,7177340,7164957,10,11782,50,320000000,1,8,2,false,false,none,true,true,60000000,200000,false,true,1000,12,4,130,30,20,.5,.85,.4,.5,0,1900,.30,90,50,2,4,1024,1152,1792,2,778,3.63,9676,243,10,10,5
211.608,3,157732,50,512000000,7,8,1,true,false,ore,false,false,60000000,150000,false,false,700,8,2,150,100,10,.7,.90,.5,.9,.7,1800,.90,100,60,3,2,1280,1280,1152,1,283,143.34,157086948,148908642,29999795,18692833,6877340,13628,50,512000000,7,8,1,true,false,ore,false,false,60000000,150000,false,false,700,8,2,150,100,10,.7,.90,.5,.9,.7,1800,.90,100,60,3,2,1280,1280,1152,1,283,64.18,151251932,486,7177340,7164957,10,11977,50,512000000,1,8,1,true,false,ore,false,false,60000000,150000,false,false,700,8,2,150,100,10,.7,.90,.5,.9,.7,1800,.90,100,60,3,2,1280,1280,1152,1,283,3.63,9676,243,10,10,5
191.633,3,100339,10,448000000,121,8,3,false,false,none,false,false,70000000,200000,false,false,900,2,12,150,40,10,.5,.50,.4,.7,.6,700,.15,50,50,3,1,1664,1152,1536,3,314,143.34,157086948,148908642,29999795,18692833,6877340,54776,10,448000000,121,8,3,false,false,none,false,false,70000000,200000,false,false,900,2,12,150,40,10,.5,.50,.4,.7,.6,700,.15,50,50,3,1,1664,1152,1536,3,314,64.18,151251932,486,7177340,7164957,10,11615,10,448000000,1,8,3,false,false,none,false,false,70000000,200000,false,false,900,2,12,150,40,10,.5,.50,.4,.7,.6,700,.15,50,50,3,1,1664,1152,1536,3,314,3.63,9676,243,10,10,5
132.681,3,70042,25,256000000,32,8,1,true,false,none,true,false,40000000,100000,true,true,700,2,8,150,10,15,.7,.65,.2,.6,.6,900,.35,60,40,2,1,1920,1920,1792,4,973,143.34,157086948,148908642,29999795,18692833,6877340,22058,25,256000000,32,8,1,true,false,none,true,false,40000000,100000,true,true,700,2,8,150,10,15,.7,.65,.2,.6,.6,900,.35,60,40,2,1,1920,1920,1792,4,973,64.18,151251932,486,7177340,7164957,10,11552,25,256000000,1,8,1,true,false,none,true,false,40000000,100000,true,true,700,2,8,150,10,15,.7,.65,.2,.6,.6,900,.35,60,40,2,1,1920,1920,1792,4,973,3.63,9676,243,10,10,5
229.575,3,152223,50,320000000,81,8,2,true,false,none,false,false,20000000,100000,true,false,700,2,10,110,50,15,.5,.50,.2,.9,.9,500,.05,40,60,4,4,1664,1152,1408,3,906,143.34,157086948,148908642,29999795,18692833,6877340,38770,50,320000000,81,8,2,true,false,none,false,false,20000000,100000,true,false,700,2,10,110,50,15,.5,.50,.2,.9,.9,500,.05,40,60,4,4,1664,1152,1408,3,906,64.18,151251932,486,7177340,7164957,10,11581,50,320000000,1,8,2,true,false,none,false,false,20000000,100000,true,false,700,2,10,110,50,15,.5,.50,.2,.9,.9,500,.05,40,60,4,4,1664,1152,1408,3,906,3.63,9676,243,10,10,5
93.719,3,43355,5,384000000,4,8,1,true,false,ore,false,false,50000000,300000,true,false,1000,8,4,150,100,10,.8,.70,.2,.5,1.0,1800,.10,100,40,3,1,1792,1152,1408,3,580,143.34,157086948,148908642,29999795,18692833,6877340,12523,5,384000000,4,8,1,true,false,ore,false,false,50000000,300000,true,false,1000,8,4,150,100,10,.8,.70,.2,.5,1.0,1800,.10,100,40,3,1,1792,1152,1408,3,580,64.18,151251932,486,7177340,7164957,10,12054,5,384000000,1,8,1,true,false,ore,false,false,50000000,300000,true,false,1000,8,4,150,100,10,.8,.70,.2,.5,1.0,1800,.10,100,40,3,1,1792,1152,1408,3,580,3.63,9676,243,10,10,5
152.012,3,84550,25,192000000,28,8,3,false,false,ore,true,true,20000000,250000,true,true,600,4,8,140,40,5,.7,1.00,.2,.7,.2,500,.50,60,60,4,4,1280,1920,1024,3,882,143.34,157086948,148908642,29999795,18692833,6877340,25242,25,192000000,28,8,3,false,false,ore,true,true,20000000,250000,true,true,600,4,8,140,40,5,.7,1.00,.2,.7,.2,500,.50,60,60,4,4,1280,1920,1024,3,882,64.18,151251932,486,7177340,7164957,10,12928,25,192000000,1,8,3,false,false,ore,true,true,20000000,250000,true,true,600,4,8,140,40,5,.7,1.00,.2,.7,.2,500,.50,60,60,4,4,1280,1920,1024,3,882,3.63,9676,243,10,10,5
231.861,3,152683,50,512000000,79,8,4,true,false,inial,false,true,20000000,400000,false,true,900,10,8,110,100,20,.6,1.00,.3,.9,.5,1500,.55,80,60,3,3,1536,1920,1408,1,393,143.34,157086948,148908642,29999795,18692833,6877340,39947,50,512000000,79,8,4,true,false,inial,false,true,20000000,400000,false,true,900,10,8,110,100,20,.6,1.00,.3,.9,.5,1500,.55,80,60,3,3,1536,1920,1408,1,393,64.18,151251932,486,7177340,7164957,10,11942,50,512000000,1,8,4,true,false,inial,false,true,20000000,400000,false,true,900,10,8,110,100,20,.6,1.00,.3,.9,.5,1500,.55,80,60,3,3,1536,1920,1408,1,393,3.63,9676,243,10,10,5
128.025,3,71444,25,512000000,8,8,2,false,false,ore,true,true,40000000,400000,false,false,600,2,12,110,60,10,.8,.90,.5,.8,.5,1900,.40,80,40,3,1,1792,1920,1664,4,582,143.34,157086948,148908642,29999795,18692833,6877340,17041,25,512000000,8,8,2,false,false,ore,true,true,40000000,400000,false,false,600,2,12,110,60,10,.8,.90,.5,.8,.5,1900,.40,80,40,3,1,1792,1920,1664,4,582,64.18,151251932,486,7177340,7164957,10,11513,25,512000000,1,8,2,false,false,ore,true,true,40000000,400000,false,false,600,2,12,110,60,10,.8,.90,.5,.8,.5,1900,.40,80,40,3,1,1792,1920,1664,4,582,3.63,9676,243,10,10,5
128.012,3,53082,5,448000000,60,8,1,true,false,ore,true,true,90000000,250000,true,false,1000,8,2,100,20,10,.9,.50,.2,.5,.8,2000,.25,80,60,1,2,1792,1024,1024,2,717,143.34,157086948,148908642,29999795,18692833,6877340,32452,5,448000000,60,8,1,true,false,ore,true,true,90000000,250000,true,false,1000,8,2,100,20,10,.9,.50,.2,.5,.8,2000,.25,80,60,1,2,1792,1024,1024,2,717,64.18,151251932,486,7177340,7164957,10,12665,5,448000000,1,8,1,true,false,ore,true,true,90000000,250000,true,false,1000,8,2,100,20,10,.9,.50,.2,.5,.8,2000,.25,80,60,1,2,1792,1024,1024,2,717,3.63,9676,243,10,10,5
109.592,3,49925,5,256000000,27,8,1,false,false,none,false,false,60000000,150000,false,false,1000,10,10,120,10,15,.5,.75,.3,.9,.7,1300,.60,30,40,1,3,1920,1024,1536,1,422,143.34,157086948,148908642,29999795,18692833,6877340,22560,5,256000000,27,8,1,false,false,none,false,false,60000000,150000,false,false,1000,10,10,120,10,15,.5,.75,.3,.9,.7,1300,.60,30,40,1,3,1920,1024,1536,1,422,64.18,151251932,486,7177340,7164957,10,11918,5,256000000,1,8,1,false,false,none,false,false,60000000,150000,false,false,1000,10,10,120,10,15,.5,.75,.3,.9,.7,1300,.60,30,40,1,3,1920,1024,1536,1,422,3.63,9676,243,10,10,5
180.06,3,98024,25,128000000,76,8,2,true,false,none,true,true,80000000,400000,false,false,900,10,12,110,10,5,.6,.90,.4,.8,.7,1500,.70,90,60,1,1,1152,1280,1664,1,271,143.34,157086948,148908642,29999795,18692833,6877340,37883,25,128000000,76,8,2,true,false,none,true,true,80000000,400000,false,false,900,10,12,110,10,5,.6,.90,.4,.8,.7,1500,.70,90,60,1,1,1152,1280,1664,1,271,64.18,151251932,486,7177340,7164957,10,12769,25,128000000,1,8,2,true,false,none,true,true,80000000,400000,false,false,900,10,12,110,10,5,.6,.90,.4,.8,.7,1500,.70,90,60,1,1,1152,1280,1664,1,271,3.63,9676,243,10,10,5
123.878,3,61092,10,512000000,36,8,1,true,false,inial,true,false,90000000,400000,true,true,800,12,8,100,100,5,1.0,.75,.5,.8,.7,1000,.30,60,60,1,2,1920,1152,2048,1,1003,143.34,157086948,148908642,29999795,18692833,6877340,23259,10,512000000,36,8,1,true,false,inial,true,false,90000000,400000,true,true,800,12,8,100,100,5,1.0,.75,.5,.8,.7,1000,.30,60,60,1,2,1920,1152,2048,1,1003,64.18,151251932,486,7177340,7164957,10,12515,10,512000000,1,8,1,true,false,inial,true,false,90000000,400000,true,true,800,12,8,100,100,5,1.0,.75,.5,.8,.7,1000,.30,60,60,1,2,1920,1152,2048,1,1003,3.63,9676,243,10,10,5
221.885,3,122740,25,512000000,125,8,2,false,false,inial,false,true,20000000,250000,false,false,600,10,6,130,20,15,.8,.60,.5,.6,0,500,.15,90,50,2,1,1664,1024,1920,3,365,143.34,157086948,148908642,29999795,18692833,6877340,58030,25,512000000,125,8,2,false,false,inial,false,true,20000000,250000,false,false,600,10,6,130,20,15,.8,.60,.5,.6,0,500,.15,90,50,2,1,1664,1024,1920,3,365,64.18,151251932,486,7177340,7164957,10,12735,25,512000000,1,8,2,false,false,inial,false,true,20000000,250000,false,false,600,10,6,130,20,15,.8,.60,.5,.6,0,500,.15,90,50,2,1,1664,1024,1920,3,365,3.63,9676,243,10,10,5
103.821,3,48835,10,192000000,13,8,1,false,false,ore,true,false,100000000,300000,false,false,800,4,8,150,70,10,1.0,.60,.2,.5,.4,700,.20,80,60,3,4,1920,1664,1024,2,381,143.34,157086948,148908642,29999795,18692833,6877340,17963,10,192000000,13,8,1,false,false,ore,true,false,100000000,300000,false,false,800,4,8,150,70,10,1.0,.60,.2,.5,.4,700,.20,80,60,3,4,1920,1664,1024,2,381,64.18,151251932,486,7177340,7164957,10,11439,10,192000000,1,8,1,false,false,ore,true,false,100000000,300000,false,false,800,4,8,150,70,10,1.0,.60,.2,.5,.4,700,.20,80,60,3,4,1920,1664,1024,2,381,3.63,9676,243,10,10,5
161.88,3,86782,10,192000000,84,8,1,false,false,inial,true,false,20000000,250000,true,false,500,12,12,140,100,5,1.0,.80,.4,.6,.5,900,0,40,40,1,1,1152,2048,1152,3,915,143.34,157086948,148908642,29999795,18692833,6877340,38387,10,192000000,84,8,1,false,false,inial,true,false,20000000,250000,true,false,500,12,12,140,100,5,1.0,.80,.4,.6,.5,900,0,40,40,1,1,1152,2048,1152,3,915,64.18,151251932,486,7177340,7164957,10,7467,10,192000000,1,8,1,false,false,inial,true,false,20000000,250000,true,false,500,12,12,140,100,5,1.0,.80,.4,.6,.5,900,0,40,40,1,1,1152,2048,1152,3,915,3.63,9676,243,10,10,5
159.973,3,78207,5,256000000,72,8,2,true,false,inial,true,true,100000000,300000,false,true,700,4,10,120,10,15,.5,.60,.4,.8,.9,900,.35,40,50,1,1,1152,1792,1280,3,759,143.34,157086948,148908642,29999795,18692833,6877340,36540,5,256000000,72,8,2,true,false,inial,true,true,100000000,300000,false,true,700,4,10,120,10,15,.5,.60,.4,.8,.9,900,.35,40,50,1,1,1152,1792,1280,3,759,64.18,151251932,486,7177340,7164957,10,11696,5,256000000,1,8,2,true,false,inial,true,true,100000000,300000,false,true,700,4,10,120,10,15,.5,.60,.4,.8,.9,900,.35,40,50,1,1,1152,1792,1280,3,759,3.63,9676,243,10,10,5
181.712,3,90573,5,320000000,106,8,3,false,false,ore,false,false,50000000,200000,false,false,700,12,4,120,40,5,.6,.60,.4,.9,.5,1100,.15,10,60,4,1,2048,1664,1792,3,806,143.34,157086948,148908642,29999795,18692833,6877340,51210,5,320000000,106,8,3,false,false,ore,false,false,50000000,200000,false,false,700,12,4,120,40,5,.6,.60,.4,.9,.5,1100,.15,10,60,4,1,2048,1664,1792,3,806,64.18,151251932,486,7177340,7164957,10,12654,5,320000000,1,8,3,false,false,ore,false,false,50000000,200000,false,false,700,12,4,120,40,5,.6,.60,.4,.9,.5,1100,.15,10,60,4,1,2048,1664,1792,3,806,3.63,9676,243,10,10,5
213.837,3,115971,25,320000000,119,8,4,false,false,none,true,false,70000000,150000,true,false,500,12,2,110,70,5,.8,.70,.4,.7,1.0,700,.65,90,50,3,4,1792,1920,1792,3,582,143.34,157086948,148908642,29999795,18692833,6877340,56235,25,320000000,119,8,4,false,false,none,true,false,70000000,150000,true,false,500,12,2,110,70,5,.8,.70,.4,.7,1.0,700,.65,90,50,3,4,1792,1920,1792,3,582,64.18,151251932,486,7177340,7164957,10,12887,25,320000000,1,8,4,false,false,none,true,false,70000000,150000,true,false,500,12,2,110,70,5,.8,.70,.4,.7,1.0,700,.65,90,50,3,4,1792,1920,1792,3,582,3.63,9676,243,10,10,5
132.138,3,75728,5,192000000,1,8,1,false,false,none,true,true,50000000,100000,true,false,900,4,4,120,100,10,.5,.90,.4,.6,.9,1000,.45,50,40,1,2,1536,2048,1664,3,918,143.34,157086948,148908642,29999795,18692833,6877340,14911,5,192000000,1,8,1,false,false,none,true,true,50000000,100000,true,false,900,4,4,120,100,10,.5,.90,.4,.6,.9,1000,.45,50,40,1,2,1536,2048,1664,3,918,64.18,151251932,486,7177340,7164957,10,11892,5,192000000,1,8,1,false,false,none,true,true,50000000,100000,true,false,900,4,4,120,100,10,.5,.90,.4,.6,.9,1000,.45,50,40,1,2,1536,2048,1664,3,918,3.63,9676,243,10,10,5
191.639,3,101471,10,512000000,114,8,1,true,false,inial,false,false,80000000,200000,false,true,1000,2,4,100,30,20,.8,.95,.2,.5,.7,1300,.70,100,60,2,4,1664,2048,2048,2,290,143.34,157086948,148908642,29999795,18692833,6877340,52971,10,512000000,114,8,1,true,false,inial,false,false,80000000,200000,false,true,1000,2,4,100,30,20,.8,.95,.2,.5,.7,1300,.70,100,60,2,4,1664,2048,2048,2,290,64.18,151251932,486,7177340,7164957,10,12652,10,512000000,1,8,1,true,false,inial,false,false,80000000,200000,false,true,1000,2,4,100,30,20,.8,.95,.2,.5,.7,1300,.70,100,60,2,4,1664,2048,2048,2,290,3.63,9676,243,10,10,5
137.598,3,65796,5,256000000,62,8,1,true,false,none,false,false,40000000,100000,false,true,500,2,6,120,20,5,.9,.50,.2,.8,.8,1800,.60,80,50,1,1,1152,1408,1664,2,321,143.34,157086948,148908642,29999795,18692833,6877340,33847,5,256000000,62,8,1,true,false,none,false,false,40000000,100000,false,true,500,2,6,120,20,5,.9,.50,.2,.8,.8,1800,.60,80,50,1,1,1152,1408,1664,2,321,64.18,151251932,486,7177340,7164957,10,11913,5,256000000,1,8,1,true,false,none,false,false,40000000,100000,false,true,500,2,6,120,20,5,.9,.50,.2,.8,.8,1800,.60,80,50,1,1,1152,1408,1664,2,321,3.63,9676,243,10,10,5
171.898,3,89479,5,192000000,79,8,1,false,false,ore,false,true,70000000,350000,true,false,600,12,4,140,50,20,.5,.50,.2,.8,.7,500,.05,20,60,1,4,1408,1792,2048,1,984,143.34,157086948,148908642,29999795,18692833,6877340,42536,5,192000000,79,8,1,false,false,ore,false,true,70000000,350000,true,false,600,12,4,140,50,20,.5,.50,.2,.8,.7,500,.05,20,60,1,4,1408,1792,2048,1,984,64.18,151251932,486,7177340,7164957,10,11695,5,192000000,1,8,1,false,false,ore,false,true,70000000,350000,true,false,600,12,4,140,50,20,.5,.50,.2,.8,.7,500,.05,20,60,1,4,1408,1792,2048,1,984,3.63,9676,243,10,10,5
243.588,3,132350,10,128000000,106,8,2,true,false,none,false,false,80000000,250000,true,true,700,4,10,100,100,20,1.0,.75,.4,.5,1.0,1100,.25,60,60,1,3,1024,1792,1920,2,625,143.34,157086948,148908642,29999795,18692833,6877340,65923,10,128000000,106,8,2,true,false,none,false,false,80000000,250000,true,true,700,4,10,100,100,20,1.0,.75,.4,.5,1.0,1100,.25,60,60,1,3,1024,1792,1920,2,625,64.18,151251932,486,7177340,7164957,10,11592,10,128000000,1,8,2,true,false,none,false,false,80000000,250000,true,true,700,4,10,100,100,20,1.0,.75,.4,.5,1.0,1100,.25,60,60,1,3,1024,1792,1920,2,625,3.63,9676,243,10,10,5
116.056,3,51696,5,448000000,30,8,3,false,false,ore,false,true,40000000,150000,true,true,1000,10,10,130,100,20,.8,.70,.3,.7,1.0,600,.30,60,60,2,2,2048,1792,1920,1,811,143.34,157086948,148908642,29999795,18692833,6877340,22711,5,448000000,30,8,3,false,false,ore,false,true,40000000,150000,true,true,1000,10,10,130,100,20,.8,.70,.3,.7,1.0,600,.30,60,60,2,2,2048,1792,1920,1,811,64.18,151251932,486,7177340,7164957,10,11858,5,448000000,1,8,3,false,false,ore,false,true,40000000,150000,true,true,1000,10,10,130,100,20,.8,.70,.3,.7,1.0,600,.30,60,60,2,2,2048,1792,1920,1,811,3.63,9676,243,10,10,5
199.95,3,110565,25,192000000,94,8,4,false,false,none,false,true,20000000,150000,true,false,800,12,12,100,100,20,.5,.95,.4,.6,.5,600,1.00,70,50,3,3,1152,1024,1792,2,317,143.34,157086948,148908642,29999795,18692833,6877340,47006,25,192000000,94,8,4,false,false,none,false,true,20000000,150000,true,false,800,12,12,100,100,20,.5,.95,.4,.6,.5,600,1.00,70,50,3,3,1152,1024,1792,2,317,64.18,151251932,486,7177340,7164957,10,11959,25,192000000,1,8,4,false,false,none,false,true,20000000,150000,true,false,800,12,12,100,100,20,.5,.95,.4,.6,.5,600,1.00,70,50,3,3,1152,1024,1792,2,317,3.63,9676,243,10,10,5
189.868,3,101210,10,448000000,99,8,4,true,false,inial,true,false,60000000,150000,false,false,600,2,6,110,30,5,.5,.50,.3,.7,.3,1700,.95,30,50,1,1,2048,1792,1536,3,504,143.34,157086948,148908642,29999795,18692833,6877340,46927,10,448000000,99,8,4,true,false,inial,true,false,60000000,150000,false,false,600,2,6,110,30,5,.5,.50,.3,.7,.3,1700,.95,30,50,1,1,2048,1792,1536,3,504,64.18,151251932,486,7177340,7164957,10,12785,10,448000000,1,8,4,true,false,inial,true,false,60000000,150000,false,false,600,2,6,110,30,5,.5,.50,.3,.7,.3,1700,.95,30,50,1,1,2048,1792,1536,3,504,3.63,9676,243,10,10,5
167.72,3,90516,10,256000000,78,8,4,true,false,ore,false,false,30000000,300000,true,false,600,6,8,150,80,5,.8,.70,.3,.9,.1,1400,.50,20,50,1,4,1152,1920,1152,4,366,143.34,157086948,148908642,29999795,18692833,6877340,40090,10,256000000,78,8,4,true,false,ore,false,false,30000000,300000,true,false,600,6,8,150,80,5,.8,.70,.3,.9,.1,1400,.50,20,50,1,4,1152,1920,1152,4,366,64.18,151251932,486,7177340,7164957,10,11726,10,256000000,1,8,4,true,false,ore,false,false,30000000,300000,true,false,600,6,8,150,80,5,.8,.70,.3,.9,.1,1400,.50,20,50,1,4,1152,1920,1152,4,366,3.63,9676,243,10,10,5
119.725,3,62874,10,192000000,7,8,2,false,false,inial,false,false,40000000,250000,false,true,800,4,6,130,10,10,1.0,.70,.4,.9,.1,1200,.35,40,50,3,1,1152,1536,1408,4,919,143.34,157086948,148908642,29999795,18692833,6877340,17242,10,192000000,7,8,2,false,false,inial,false,false,40000000,250000,false,true,800,4,6,130,10,10,1.0,.70,.4,.9,.1,1200,.35,40,50,3,1,1152,1536,1408,4,919,64.18,151251932,486,7177340,7164957,10,11862,10,192000000,1,8,2,false,false,inial,false,false,40000000,250000,false,true,800,4,6,130,10,10,1.0,.70,.4,.9,.1,1200,.35,40,50,3,1,1152,1536,1408,4,919,3.63,9676,243,10,10,5
203.576,3,110480,10,512000000,108,8,4,true,false,none,false,false,40000000,100000,false,false,800,12,10,100,100,20,.6,.85,.4,.9,.4,1700,.90,70,50,4,4,1024,1920,1792,3,469,143.34,157086948,148908642,29999795,18692833,6877340,50541,10,512000000,108,8,4,true,false,none,false,false,40000000,100000,false,false,800,12,10,100,100,20,.6,.85,.4,.9,.4,1700,.90,70,50,4,4,1024,1920,1792,3,469,64.18,151251932,486,7177340,7164957,10,15077,10,512000000,1,8,4,true,false,none,false,false,40000000,100000,false,false,800,12,10,100,100,20,.6,.85,.4,.9,.4,1700,.90,70,50,4,4,1024,1920,1792,3,469,3.63,9676,243,10,10,5
185.628,3,98258,10,448000000,92,8,4,false,false,inial,false,false,60000000,250000,true,true,800,12,2,100,40,15,.6,.90,.5,.7,.9,800,.40,50,60,4,2,1920,1792,1792,2,807,143.34,157086948,148908642,29999795,18692833,6877340,47882,10,448000000,92,8,4,false,false,inial,false,false,60000000,250000,true,true,800,12,2,100,40,15,.6,.90,.5,.7,.9,800,.40,50,60,4,2,1920,1792,1792,2,807,64.18,151251932,486,7177340,7164957,10,12577,10,448000000,1,8,4,false,false,inial,false,false,60000000,250000,true,true,800,12,2,100,40,15,.6,.90,.5,.7,.9,800,.40,50,60,4,2,1920,1792,1792,2,807,3.63,9676,243,10,10,5
118.04,3,58813,10,448000000,6,8,1,false,false,inial,true,true,70000000,100000,false,false,600,8,2,100,40,10,.6,.95,.4,.9,.3,600,.45,20,60,1,3,1536,1408,1920,4,437,143.34,157086948,148908642,29999795,18692833,6877340,16217,10,448000000,6,8,1,false,false,inial,true,true,70000000,100000,false,false,600,8,2,100,40,10,.6,.95,.4,.9,.3,600,.45,20,60,1,3,1536,1408,1920,4,437,64.18,151251932,486,7177340,7164957,10,11498,10,448000000,1,8,1,false,false,inial,true,true,70000000,100000,false,false,600,8,2,100,40,10,.6,.95,.4,.9,.3,600,.45,20,60,1,3,1536,1408,1920,4,437,3.63,9676,243,10,10,5
188.007,3,96509,10,192000000,90,8,4,false,false,none,true,true,70000000,200000,true,false,700,6,4,120,80,5,.7,.70,.3,.8,.7,1500,.40,40,60,1,2,1664,1408,1536,3,899,143.34,157086948,148908642,29999795,18692833,6877340,47770,10,192000000,90,8,4,false,false,none,true,true,70000000,200000,true,false,700,6,4,120,80,5,.7,.70,.3,.8,.7,1500,.40,40,60,1,2,1664,1408,1536,3,899,64.18,151251932,486,7177340,7164957,10,14643,10,192000000,1,8,4,false,false,none,true,true,70000000,200000,true,false,700,6,4,120,80,5,.7,.70,.3,.8,.7,1500,.40,40,60,1,2,1664,1408,1536,3,899,3.63,9676,243,10,10,5
181.61,3,106634,25,192000000,58,8,3,true,false,ore,false,false,40000000,150000,false,false,800,4,6,140,10,5,.8,.65,.5,.6,.2,1100,1.00,20,60,1,3,1152,1152,1152,1,970,143.34,157086948,148908642,29999795,18692833,6877340,32162,25,192000000,58,8,3,true,false,ore,false,false,40000000,150000,false,false,800,4,6,140,10,5,.8,.65,.5,.6,.2,1100,1.00,20,60,1,3,1152,1152,1152,1,970,64.18,151251932,486,7177340,7164957,10,12028,25,192000000,1,8,3,true,false,ore,false,false,40000000,150000,false,false,800,4,6,140,10,5,.8,.65,.5,.6,.2,1100,1.00,20,60,1,3,1152,1152,1152,1,970,3.63,9676,243,10,10,5
267.93,3,190662,50,384000000,93,8,3,true,false,inial,false,true,50000000,100000,false,false,800,4,10,120,100,10,1.0,.60,.3,.8,1.0,1900,0,10,60,1,2,1408,2048,1536,2,893,143.34,157086948,148908642,29999795,18692833,6877340,40669,50,384000000,93,8,3,true,false,inial,false,true,50000000,100000,false,false,800,4,10,120,100,10,1.0,.60,.3,.8,1.0,1900,0,10,60,1,2,1408,2048,1536,2,893,64.18,151251932,486,7177340,7164957,10,7638,50,384000000,1,8,3,true,false,inial,false,true,50000000,100000,false,false,800,4,10,120,100,10,1.0,.60,.3,.8,1.0,1900,0,10,60,1,2,1408,2048,1536,2,893,3.63,9676,243,10,10,5
265.553,3,161530,25,128000000,108,8,1,false,false,inial,false,false,60000000,300000,false,false,900,8,8,100,60,15,.5,.50,.4,.5,.2,500,.45,60,60,2,1,1280,2048,1408,3,426,143.34,157086948,148908642,29999795,18692833,6877340,64322,25,128000000,108,8,1,false,false,inial,false,false,60000000,300000,false,false,900,8,8,100,60,15,.5,.50,.4,.5,.2,500,.45,60,60,2,1,1280,2048,1408,3,426,64.18,151251932,486,7177340,7164957,10,14063,25,128000000,1,8,1,false,false,inial,false,false,60000000,300000,false,false,900,8,8,100,60,15,.5,.50,.4,.5,.2,500,.45,60,60,2,1,1280,2048,1408,3,426,3.63,9676,243,10,10,5
186.007,3,127734,5,192000000,1,8,2,false,false,ore,true,true,20000000,350000,true,false,800,6,2,120,100,20,1.0,1.00,.4,.8,.1,1900,1.00,80,60,2,2,1664,2048,1536,3,924,143.34,157086948,148908642,29999795,18692833,6877340,13799,5,192000000,1,8,2,false,false,ore,true,true,20000000,350000,true,false,800,6,2,120,100,20,1.0,1.00,.4,.8,.1,1900,1.00,80,60,2,2,1664,2048,1536,3,924,64.18,151251932,486,7177340,7164957,10,11591,5,192000000,1,8,2,false,false,ore,true,true,20000000,350000,true,false,800,6,2,120,100,20,1.0,1.00,.4,.8,.1,1900,1.00,80,60,2,2,1664,2048,1536,3,924,3.63,9676,243,10,10,5
461.606,3,355815,50,256000000,115,8,3,true,false,ore,false,false,40000000,350000,true,true,900,8,10,150,50,10,.7,.85,.3,.5,0,1400,.80,40,50,1,2,1408,1792,1792,3,234,143.34,157086948,148908642,29999795,18692833,6877340,60484,50,256000000,115,8,3,true,false,ore,false,false,40000000,350000,true,true,900,8,10,150,50,10,.7,.85,.3,.5,0,1400,.80,40,50,1,2,1408,1792,1792,3,234,64.18,151251932,486,7177340,7164957,10,12665,50,256000000,1,8,3,true,false,ore,false,false,40000000,350000,true,true,900,8,10,150,50,10,.7,.85,.3,.5,0,1400,.80,40,50,1,2,1408,1792,1792,3,234,3.63,9676,243,10,10,5
377.87,3,215632,10,320000000,94,8,3,false,false,ore,false,true,20000000,250000,true,false,600,12,2,120,60,15,.7,.60,.3,.8,.8,1900,.35,80,50,2,4,1280,1664,1024,3,311,143.34,157086948,148908642,29999795,18692833,6877340,58567,10,320000000,94,8,3,false,false,ore,false,true,20000000,250000,true,false,600,12,2,120,60,15,.7,.60,.3,.8,.8,1900,.35,80,50,2,4,1280,1664,1024,3,311,64.18,151251932,486,7177340,7164957,10,24958,10,320000000,1,8,3,false,false,ore,false,true,20000000,250000,true,false,600,12,2,120,60,15,.7,.60,.3,.8,.8,1900,.35,80,50,2,4,1280,1664,1024,3,311,3.63,9676,243,10,10,5
267.996,3,175138,10,320000000,93,8,3,false,false,ore,true,true,90000000,100000,false,false,600,4,10,120,40,15,1.0,.55,.5,.7,0,1900,.30,100,40,3,3,1536,2048,1024,3,701,143.34,157086948,148908642,29999795,18692833,6877340,47610,10,320000000,93,8,3,false,false,ore,true,true,90000000,100000,false,false,600,4,10,120,40,15,1.0,.55,.5,.7,0,1900,.30,100,40,3,3,1536,2048,1024,3,701,64.18,151251932,486,7177340,7164957,10,11497,10,320000000,1,8,3,false,false,ore,true,true,90000000,100000,false,false,600,4,10,120,40,15,1.0,.55,.5,.7,0,1900,.30,100,40,3,3,1536,2048,1024,3,701,3.63,9676,243,10,10,5
259.648,3,168554,50,512000000,112,8,2,true,false,ore,false,false,40000000,200000,true,false,700,6,6,140,40,5,.6,.65,.2,.7,1.0,800,.50,30,40,4,4,1920,1920,2048,3,908,143.34,157086948,148908642,29999795,18692833,6877340,52316,50,512000000,112,8,2,true,false,ore,false,false,40000000,200000,true,false,700,6,6,140,40,5,.6,.65,.2,.7,1.0,800,.50,30,40,4,4,1920,1920,2048,3,908,64.18,151251932,486,7177340,7164957,10,12690,50,512000000,1,8,2,true,false,ore,false,false,40000000,200000,true,false,700,6,6,140,40,5,.6,.65,.2,.7,1.0,800,.50,30,40,4,4,1920,1920,2048,3,908,3.63,9676,243,10,10,5
163.978,3,85288,25,320000000,55,8,4,true,false,inial,false,true,40000000,300000,true,true,800,8,12,130,20,5,.9,1.00,.3,.6,1.0,500,.40,70,60,1,1,1664,1152,1152,1,611,143.34,157086948,148908642,29999795,18692833,6877340,32635,25,320000000,55,8,4,true,false,inial,false,true,40000000,300000,true,true,800,8,12,130,20,5,.9,1.00,.3,.6,1.0,500,.40,70,60,1,1,1664,1152,1152,1,611,64.18,151251932,486,7177340,7164957,10,13559,25,320000000,1,8,4,true,false,inial,false,true,40000000,300000,true,true,800,8,12,130,20,5,.9,1.00,.3,.6,1.0,500,.40,70,60,1,1,1664,1152,1152,1,611,3.63,9676,243,10,10,5
143.847,3,84204,25,128000000,21,8,4,true,false,inial,true,false,90000000,250000,true,true,500,2,4,120,20,5,.8,.60,.2,.6,.9,700,1.00,90,60,1,3,1280,1024,1792,1,864,143.34,157086948,148908642,29999795,18692833,6877340,19610,25,128000000,21,8,4,true,false,inial,true,false,90000000,250000,true,true,500,2,4,120,20,5,.8,.60,.2,.6,.9,700,1.00,90,60,1,3,1280,1024,1792,1,864,64.18,151251932,486,7177340,7164957,10,12710,25,128000000,1,8,4,true,false,inial,true,false,90000000,250000,true,true,500,2,4,120,20,5,.8,.60,.2,.6,.9,700,1.00,90,60,1,3,1280,1024,1792,1,864,3.63,9676,243,10,10,5
275.866,3,175270,50,448000000,115,8,2,false,false,inial,false,true,30000000,350000,true,true,500,8,4,150,20,15,.6,.95,.5,.7,.8,1900,.20,90,50,3,2,1664,1024,1408,4,380,143.34,157086948,148908642,29999795,18692833,6877340,58856,50,448000000,115,8,2,false,false,inial,false,true,30000000,350000,true,true,500,8,4,150,20,15,.6,.95,.5,.7,.8,1900,.20,90,50,3,2,1664,1024,1408,4,380,64.18,151251932,486,7177340,7164957,10,15294,50,448000000,1,8,2,false,false,inial,false,true,30000000,350000,true,true,500,8,4,150,20,15,.6,.95,.5,.7,.8,1900,.20,90,50,3,2,1664,1024,1408,4,380,3.63,9676,243,10,10,5
182.039,3,101697,25,448000000,65,8,1,false,false,none,false,true,20000000,200000,false,false,900,6,6,100,80,5,.5,1.00,.2,.9,.8,2000,.80,10,60,3,2,1408,1280,1152,1,271,143.34,157086948,148908642,29999795,18692833,6877340,37905,25,448000000,65,8,1,false,false,none,false,true,20000000,200000,false,false,900,6,6,100,80,5,.5,1.00,.2,.9,.8,2000,.80,10,60,3,2,1408,1280,1152,1,271,64.18,151251932,486,7177340,7164957,10,13629,25,448000000,1,8,1,false,false,none,false,true,20000000,200000,false,false,900,6,6,100,80,5,.5,1.00,.2,.9,.8,2000,.80,10,60,3,2,1408,1280,1152,1,271,3.63,9676,243,10,10,5
189.853,3,91456,5,384000000,116,8,4,false,false,inial,true,false,50000000,400000,true,true,800,6,4,140,100,15,.9,.65,.2,.8,.7,700,.05,40,60,4,4,1152,1280,1024,4,934,143.34,157086948,148908642,29999795,18692833,6877340,57134,5,384000000,116,8,4,false,false,inial,true,false,50000000,400000,true,true,800,6,4,140,100,15,.9,.65,.2,.8,.7,700,.05,40,60,4,4,1152,1280,1024,4,934,64.18,151251932,486,7177340,7164957,10,12800,5,384000000,1,8,4,false,false,inial,true,false,50000000,400000,true,true,800,6,4,140,100,15,.9,.65,.2,.8,.7,700,.05,40,60,4,4,1152,1280,1024,4,934,3.63,9676,243,10,10,5
158.052,3,79726,10,512000000,59,8,3,true,false,none,true,true,90000000,200000,true,true,600,8,12,150,30,20,.6,.50,.4,.7,.1,1300,.55,70,60,4,1,1280,1280,1536,3,451,143.34,157086948,148908642,29999795,18692833,6877340,32866,10,512000000,59,8,3,true,false,none,true,true,90000000,200000,true,true,600,8,12,150,30,20,.6,.50,.4,.7,.1,1300,.55,70,60,4,1,1280,1280,1536,3,451,64.18,151251932,486,7177340,7164957,10,12695,10,512000000,1,8,3,true,false,none,true,true,90000000,200000,true,true,600,8,12,150,30,20,.6,.50,.4,.7,.1,1300,.55,70,60,4,1,1280,1280,1536,3,451,3.63,9676,243,10,10,5
247.89,3,150655,50,384000000,111,8,4,false,false,ore,false,true,50000000,150000,true,false,600,10,4,100,60,20,.5,.60,.2,.9,.4,1600,.30,10,60,2,3,1152,1024,1152,1,720,143.34,157086948,148908642,29999795,18692833,6877340,53450,50,384000000,111,8,4,false,false,ore,false,true,50000000,150000,true,false,600,10,4,100,60,20,.5,.60,.2,.9,.4,1600,.30,10,60,2,3,1152,1024,1152,1,720,64.18,151251932,486,7177340,7164957,10,11581,50,384000000,1,8,4,false,false,ore,false,true,50000000,150000,true,false,600,10,4,100,60,20,.5,.60,.2,.9,.4,1600,.30,10,60,2,3,1152,1024,1152,1,720,3.63,9676,243,10,10,5
198.059,3,132209,50,128000000,10,8,4,false,false,inial,true,true,50000000,100000,true,false,500,6,8,150,90,20,1.0,.60,.3,.7,.4,1600,.45,50,50,3,2,1280,1792,2048,1,494,143.34,157086948,148908642,29999795,18692833,6877340,19771,50,128000000,10,8,4,false,false,inial,true,true,50000000,100000,true,false,500,6,8,150,90,20,1.0,.60,.3,.7,.4,1600,.45,50,50,3,2,1280,1792,2048,1,494,64.18,151251932,486,7177340,7164957,10,11602,50,128000000,1,8,4,false,false,inial,true,true,50000000,100000,true,false,500,6,8,150,90,20,1.0,.60,.3,.7,.4,1600,.45,50,50,3,2,1280,1792,2048,1,494,3.63,9676,243,10,10,5
189.895,3,116774,50,512000000,59,8,2,true,false,none,false,true,90000000,300000,false,true,1000,2,10,150,70,15,.7,.85,.5,.8,.9,1000,.50,50,60,1,4,1408,1152,1408,1,360,143.34,157086948,148908642,29999795,18692833,6877340,31086,50,512000000,59,8,2,true,false,none,false,true,90000000,300000,false,true,1000,2,10,150,70,15,.7,.85,.5,.8,.9,1000,.50,50,60,1,4,1408,1152,1408,1,360,64.18,151251932,486,7177340,7164957,10,11960,50,512000000,1,8,2,true,false,none,false,true,90000000,300000,false,true,1000,2,10,150,70,15,.7,.85,.5,.8,.9,1000,.50,50,60,1,4,1408,1152,1408,1,360,3.63,9676,243,10,10,5
141.934,3,58279,5,512000000,57,8,1,false,false,none,true,false,80000000,250000,true,false,500,10,8,100,70,5,.8,.50,.2,.6,.7,1200,.65,40,50,2,4,1152,1152,1024,2,684,143.34,157086948,148908642,29999795,18692833,6877340,45409,5,512000000,57,8,1,false,false,none,true,false,80000000,250000,true,false,500,10,8,100,70,5,.8,.50,.2,.6,.7,1200,.65,40,50,2,4,1152,1152,1024,2,684,64.18,151251932,486,7177340,7164957,10,11686,5,512000000,1,8,1,false,false,none,true,false,80000000,250000,true,false,500,10,8,100,70,5,.8,.50,.2,.6,.7,1200,.65,40,50,2,4,1152,1152,1024,2,684,3.63,9676,243,10,10,5
209.806,3,127777,50,448000000,63,8,4,false,false,none,true,false,100000000,250000,true,true,1000,6,8,130,90,15,.9,.60,.4,.7,.6,700,.65,100,40,4,2,1152,1664,1536,4,1016,143.34,157086948,148908642,29999795,18692833,6877340,41848,50,448000000,63,8,4,false,false,none,true,false,100000000,250000,true,true,1000,6,8,130,90,15,.9,.60,.4,.7,.6,700,.65,100,40,4,2,1152,1664,1536,4,1016,64.18,151251932,486,7177340,7164957,10,12595,50,448000000,1,8,4,false,false,none,true,false,100000000,250000,true,true,1000,6,8,130,90,15,.9,.60,.4,.7,.6,700,.65,100,40,4,2,1152,1664,1536,4,1016,3.63,9676,243,10,10,5
129.699,3,62411,10,320000000,38,8,4,false,false,inial,false,false,60000000,400000,false,false,800,10,4,150,20,5,.6,1.00,.4,.5,.8,1600,.30,30,40,1,1,1280,1792,1024,4,282,143.34,157086948,148908642,29999795,18692833,6877340,26132,10,320000000,38,8,4,false,false,inial,false,false,60000000,400000,false,false,800,10,4,150,20,5,.6,1.00,.4,.5,.8,1600,.30,30,40,1,1,1280,1792,1024,4,282,64.18,151251932,486,7177340,7164957,10,11760,10,320000000,1,8,4,false,false,inial,false,false,60000000,400000,false,false,800,10,4,150,20,5,.6,1.00,.4,.5,.8,1600,.30,30,40,1,1,1280,1792,1024,4,282,3.63,9676,243,10,10,5
153.871,3,79545,10,384000000,62,8,2,true,false,none,false,true,90000000,300000,true,true,700,8,10,140,80,15,.5,.95,.4,.5,.2,1800,.85,80,50,4,4,1152,2048,2048,3,559,143.34,157086948,148908642,29999795,18692833,6877340,34189,10,384000000,62,8,2,true,false,none,false,true,90000000,300000,true,true,700,8,10,140,80,15,.5,.95,.4,.5,.2,1800,.85,80,50,4,4,1152,2048,2048,3,559,64.18,151251932,486,7177340,7164957,10,11757,10,384000000,1,8,2,true,false,none,false,true,90000000,300000,true,true,700,8,10,140,80,15,.5,.95,.4,.5,.2,1800,.85,80,50,4,4,1152,2048,2048,3,559,3.63,9676,243,10,10,5
145.816,3,68726,5,448000000,71,8,4,true,false,none,true,false,30000000,200000,false,false,700,10,10,140,20,5,.9,1.00,.5,.6,.4,800,.05,40,50,3,4,1536,1408,1408,1,286,143.34,157086948,148908642,29999795,18692833,6877340,35313,5,448000000,71,8,4,true,false,none,true,false,30000000,200000,false,false,700,10,10,140,20,5,.9,1.00,.5,.6,.4,800,.05,40,50,3,4,1536,1408,1408,1,286,64.18,151251932,486,7177340,7164957,10,11818,5,448000000,1,8,4,true,false,none,true,false,30000000,200000,false,false,700,10,10,140,20,5,.9,1.00,.5,.6,.4,800,.05,40,50,3,4,1536,1408,1408,1,286,3.63,9676,243,10,10,5
183.962,3,96989,10,320000000,92,8,2,false,false,ore,true,true,90000000,400000,true,false,700,2,4,100,60,5,1.0,.80,.4,.6,1.0,600,1.00,90,50,4,2,1152,1408,1024,3,279,143.34,157086948,148908642,29999795,18692833,6877340,44576,10,320000000,92,8,2,false,false,ore,true,true,90000000,400000,true,false,700,2,4,100,60,5,1.0,.80,.4,.6,1.0,600,1.00,90,50,4,2,1152,1408,1024,3,279,64.18,151251932,486,7177340,7164957,10,12687,10,320000000,1,8,2,false,false,ore,true,true,90000000,400000,true,false,700,2,4,100,60,5,1.0,.80,.4,.6,1.0,600,1.00,90,50,4,2,1152,1408,1024,3,279,3.63,9676,243,10,10,5
135.626,3,66640,10,320000000,60,8,2,true,false,none,false,false,50000000,250000,false,false,1000,4,12,140,80,10,.7,.55,.2,.5,.1,700,.30,80,60,3,2,1152,1408,1152,3,628,143.34,157086948,148908642,29999795,18692833,6877340,31647,10,320000000,60,8,2,true,false,none,false,false,50000000,250000,false,false,1000,4,12,140,80,10,.7,.55,.2,.5,.1,700,.30,80,60,3,2,1152,1408,1152,3,628,64.18,151251932,486,7177340,7164957,10,12595,10,320000000,1,8,2,true,false,none,false,false,50000000,250000,false,false,1000,4,12,140,80,10,.7,.55,.2,.5,.1,700,.30,80,60,3,2,1152,1408,1152,3,628,3.63,9676,243,10,10,5
147.977,3,81302,10,448000000,66,8,1,true,false,ore,false,true,100000000,150000,true,true,600,4,6,110,10,5,.7,.60,.5,.7,.8,800,0,30,50,2,3,1920,1280,1792,2,669,143.34,157086948,148908642,29999795,18692833,6877340,29522,10,448000000,66,8,1,true,false,ore,false,true,100000000,150000,true,true,600,4,6,110,10,5,.7,.60,.5,.7,.8,800,0,30,50,2,3,1920,1280,1792,2,669,64.18,151251932,486,7177340,7164957,10,7694,10,448000000,1,8,1,true,false,ore,false,true,100000000,150000,true,true,600,4,6,110,10,5,.7,.60,.5,.7,.8,800,0,30,50,2,3,1920,1280,1792,2,669,3.63,9676,243,10,10,5
173.93,3,92443,10,384000000,89,8,4,true,false,none,false,true,40000000,350000,false,true,1000,6,4,120,20,5,.9,.75,.3,.8,.1,2000,.05,100,40,4,4,1792,1792,1664,2,902,143.34,157086948,148908642,29999795,18692833,6877340,43035,10,384000000,89,8,4,true,false,none,false,true,40000000,350000,false,true,1000,6,4,120,20,5,.9,.75,.3,.8,.1,2000,.05,100,40,4,4,1792,1792,1664,2,902,64.18,151251932,486,7177340,7164957,10,11571,10,384000000,1,8,4,true,false,none,false,true,40000000,350000,false,true,1000,6,4,120,20,5,.9,.75,.3,.8,.1,2000,.05,100,40,4,4,1792,1792,1664,2,902,3.63,9676,243,10,10,5
129.827,3,65035,10,192000000,27,8,4,true,false,ore,true,false,100000000,200000,true,true,800,12,10,150,60,5,.6,.70,.5,.7,.5,900,.70,90,50,1,3,1280,2048,1024,2,447,143.34,157086948,148908642,29999795,18692833,6877340,20636,10,192000000,27,8,4,true,false,ore,true,false,100000000,200000,true,true,800,12,10,150,60,5,.6,.70,.5,.7,.5,900,.70,90,50,1,3,1280,2048,1024,2,447,64.18,151251932,486,7177340,7164957,10,11899,10,192000000,1,8,4,true,false,ore,true,false,100000000,200000,true,true,800,12,10,150,60,5,.6,.70,.5,.7,.5,900,.70,90,50,1,3,1280,2048,1024,2,447,3.63,9676,243,10,10,5
173.909,3,84902,5,384000000,100,8,1,false,false,none,false,true,60000000,100000,false,true,500,8,6,100,90,5,.8,.80,.3,.9,.8,800,.40,20,60,4,3,1792,1536,1024,3,239,143.34,157086948,148908642,29999795,18692833,6877340,47921,5,384000000,100,8,1,false,false,none,false,true,60000000,100000,false,true,500,8,6,100,90,5,.8,.80,.3,.9,.8,800,.40,20,60,4,3,1792,1536,1024,3,239,64.18,151251932,486,7177340,7164957,10,12562,5,384000000,1,8,1,false,false,none,false,true,60000000,100000,false,true,500,8,6,100,90,5,.8,.80,.3,.9,.8,800,.40,20,60,4,3,1792,1536,1024,3,239,3.63,9676,243,10,10,5
171.988,3,84802,10,448000000,87,8,3,false,false,ore,true,true,20000000,150000,true,false,500,6,10,120,20,15,.8,.85,.5,.5,.7,500,.50,40,40,2,3,1280,1408,1408,3,430,143.34,157086948,148908642,29999795,18692833,6877340,43122,10,448000000,87,8,3,false,false,ore,true,true,20000000,150000,true,false,500,6,10,120,20,15,.8,.85,.5,.5,.7,500,.50,40,40,2,3,1280,1408,1408,3,430,64.18,151251932,486,7177340,7164957,10,12656,10,448000000,1,8,3,false,false,ore,true,true,20000000,150000,true,false,500,6,10,120,20,15,.8,.85,.5,.5,.7,500,.50,40,40,2,3,1280,1408,1408,3,430,3.63,9676,243,10,10,5
257.806,3,167787,50,192000000,109,8,4,true,false,none,true,false,80000000,200000,false,true,500,12,12,100,40,15,.7,.60,.5,.8,.8,1300,.60,10,40,1,1,1664,1536,1664,4,392,143.34,157086948,148908642,29999795,18692833,6877340,49892,50,192000000,109,8,4,true,false,none,true,false,80000000,200000,false,true,500,12,12,100,40,15,.7,.60,.5,.8,.8,1300,.60,10,40,1,1,1664,1536,1664,4,392,64.18,151251932,486,7177340,7164957,10,12612,50,192000000,1,8,4,true,false,none,true,false,80000000,200000,false,true,500,12,12,100,40,15,.7,.60,.5,.8,.8,1300,.60,10,40,1,1,1664,1536,1664,4,392,3.63,9676,243,10,10,5
139.902,3,69402,5,512000000,68,8,2,true,false,none,true,false,20000000,350000,false,true,800,6,8,130,60,10,1.0,.70,.5,.9,.6,1500,0,90,40,1,4,1920,1280,1536,4,461,143.34,157086948,148908642,29999795,18692833,6877340,29413,5,512000000,68,8,2,true,false,none,true,false,20000000,350000,false,true,800,6,8,130,60,10,1.0,.70,.5,.9,.6,1500,0,90,40,1,4,1920,1280,1536,4,461,64.18,151251932,486,7177340,7164957,10,8577,5,512000000,1,8,2,true,false,none,true,false,20000000,350000,false,true,800,6,8,130,60,10,1.0,.70,.5,.9,.6,1500,0,90,40,1,4,1920,1280,1536,4,461,3.63,9676,243,10,10,5
210.034,3,118280,25,512000000,100,8,3,false,false,none,true,true,20000000,150000,true,false,1000,8,10,150,50,20,.7,.60,.3,.7,.7,1500,.70,30,50,2,1,1280,2048,1792,3,678,143.34,157086948,148908642,29999795,18692833,6877340,50081,25,512000000,100,8,3,false,false,none,true,true,20000000,150000,true,false,1000,8,10,150,50,20,.7,.60,.3,.7,.7,1500,.70,30,50,2,1,1280,2048,1792,3,678,64.18,151251932,486,7177340,7164957,10,12725,25,512000000,1,8,3,false,false,none,true,true,20000000,150000,true,false,1000,8,10,150,50,20,.7,.60,.3,.7,.7,1500,.70,30,50,2,1,1280,2048,1792,3,678,3.63,9676,243,10,10,5
105.795,3,51732,5,384000000,5,8,2,true,false,ore,true,false,70000000,300000,false,false,1000,12,6,120,10,20,.7,.85,.5,.6,.3,900,.85,50,50,1,2,1024,1920,1920,1,220,143.34,157086948,148908642,29999795,18692833,6877340,12527,5,384000000,5,8,2,true,false,ore,true,false,70000000,300000,false,false,1000,12,6,120,10,20,.7,.85,.5,.6,.3,900,.85,50,50,1,2,1024,1920,1920,1,220,64.18,151251932,486,7177340,7164957,10,12052,5,384000000,1,8,2,true,false,ore,true,false,70000000,300000,false,false,1000,12,6,120,10,20,.7,.85,.5,.6,.3,900,.85,50,50,1,2,1024,1920,1920,1,220,3.63,9676,243,10,10,5
201.722,3,138596,50,128000000,33,8,2,true,false,none,false,false,40000000,150000,false,true,900,4,10,130,60,15,.9,.50,.3,.5,0,800,.60,20,50,2,2,1792,1024,1920,3,909,143.34,157086948,148908642,29999795,18692833,6877340,22878,50,128000000,33,8,2,true,false,none,false,false,40000000,150000,false,true,900,4,10,130,60,15,.9,.50,.3,.5,0,800,.60,20,50,2,2,1792,1024,1920,3,909,64.18,151251932,486,7177340,7164957,10,11949,50,128000000,1,8,2,true,false,none,false,false,40000000,150000,false,true,900,4,10,130,60,15,.9,.50,.3,.5,0,800,.60,20,50,2,2,1792,1024,1920,3,909,3.63,9676,243,10,10,5
203.592,3,144293,50,256000000,28,8,2,true,false,none,false,false,50000000,350000,true,true,500,6,6,140,80,20,.6,.60,.4,.6,.8,1500,.95,100,50,2,3,2048,1536,1792,1,436,143.34,157086948,148908642,29999795,18692833,6877340,20228,50,256000000,28,8,2,true,false,none,false,false,50000000,350000,true,true,500,6,6,140,80,20,.6,.60,.4,.6,.8,1500,.95,100,50,2,3,2048,1536,1792,1,436,64.18,151251932,486,7177340,7164957,10,11797,50,256000000,1,8,2,true,false,none,false,false,50000000,350000,true,true,500,6,6,140,80,20,.6,.60,.4,.6,.8,1500,.95,100,50,2,3,2048,1536,1792,1,436,3.63,9676,243,10,10,5
187.694,3,94773,5,448000000,121,8,2,true,false,inial,false,false,30000000,300000,false,false,900,4,6,100,70,5,1.0,.95,.5,.8,.2,2000,.70,40,40,1,3,1280,1280,2048,4,328,143.34,157086948,148908642,29999795,18692833,6877340,54126,5,448000000,121,8,2,true,false,inial,false,false,30000000,300000,false,false,900,4,6,100,70,5,1.0,.95,.5,.8,.2,2000,.70,40,40,1,3,1280,1280,2048,4,328,64.18,151251932,486,7177340,7164957,10,12443,5,448000000,1,8,2,true,false,inial,false,false,30000000,300000,false,false,900,4,6,100,70,5,1.0,.95,.5,.8,.2,2000,.70,40,40,1,3,1280,1280,2048,4,328,3.63,9676,243,10,10,5
243.575,3,153564,50,128000000,89,8,1,false,false,inial,false,false,80000000,100000,true,true,1000,2,2,140,30,5,.8,.85,.4,.7,0,1100,.90,10,40,2,3,1280,1408,1152,4,606,143.34,157086948,148908642,29999795,18692833,6877340,49428,50,128000000,89,8,1,false,false,inial,false,false,80000000,100000,true,true,1000,2,2,140,30,5,.8,.85,.4,.7,0,1100,.90,10,40,2,3,1280,1408,1152,4,606,64.18,151251932,486,7177340,7164957,10,14279,50,128000000,1,8,1,false,false,inial,false,false,80000000,100000,true,true,1000,2,2,140,30,5,.8,.85,.4,.7,0,1100,.90,10,40,2,3,1280,1408,1152,4,606,3.63,9676,243,10,10,5
109.827,3,48151,5,192000000,28,8,3,true,false,ore,true,false,60000000,200000,false,true,600,4,10,120,10,10,.6,.60,.5,.5,.2,1200,.30,50,60,4,1,1920,2048,2048,4,213,143.34,157086948,148908642,29999795,18692833,6877340,20955,5,192000000,28,8,3,true,false,ore,true,false,60000000,200000,false,true,600,4,10,120,10,10,.6,.60,.5,.5,.2,1200,.30,50,60,4,1,1920,2048,2048,4,213,64.18,151251932,486,7177340,7164957,10,11596,5,192000000,1,8,3,true,false,ore,true,false,60000000,200000,false,true,600,4,10,120,10,10,.6,.60,.5,.5,.2,1200,.30,50,60,4,1,1920,2048,2048,4,213,3.63,9676,243,10,10,5
169.912,3,94705,25,384000000,65,8,4,true,false,inial,false,true,90000000,200000,true,false,800,8,10,110,50,15,.6,.65,.2,.7,.1,1600,.95,60,40,3,1,2048,1280,1024,2,976,143.34,157086948,148908642,29999795,18692833,6877340,33909,25,384000000,65,8,4,true,false,inial,false,true,90000000,200000,true,false,800,8,10,110,50,15,.6,.65,.2,.7,.1,1600,.95,60,40,3,1,2048,1280,1024,2,976,64.18,151251932,486,7177340,7164957,10,12681,25,384000000,1,8,4,true,false,inial,false,true,90000000,200000,true,false,800,8,10,110,50,15,.6,.65,.2,.7,.1,1600,.95,60,40,3,1,2048,1280,1024,2,976,3.63,9676,243,10,10,5
203.925,3,104719,10,448000000,120,8,4,false,false,none,false,true,90000000,400000,false,true,900,12,8,120,50,20,.9,.95,.3,.5,.2,1900,.90,80,60,2,2,1152,1536,2048,2,577,143.34,157086948,148908642,29999795,18692833,6877340,56681,10,448000000,120,8,4,false,false,none,false,true,90000000,400000,false,true,900,12,8,120,50,20,.9,.95,.3,.5,.2,1900,.90,80,60,2,2,1152,1536,2048,2,577,64.18,151251932,486,7177340,7164957,10,13579,10,448000000,1,8,4,false,false,none,false,true,90000000,400000,false,true,900,12,8,120,50,20,.9,.95,.3,.5,.2,1900,.90,80,60,2,2,1152,1536,2048,2,577,3.63,9676,243,10,10,5
128.034,3,60269,5,192000000,42,8,1,true,false,none,true,true,60000000,300000,true,false,1000,8,8,140,50,20,.7,.80,.3,.9,.6,1400,.70,20,60,4,2,1920,1792,1024,4,962,143.34,157086948,148908642,29999795,18692833,6877340,25998,5,192000000,42,8,1,true,false,none,true,true,60000000,300000,true,false,1000,8,8,140,50,20,.7,.80,.3,.9,.6,1400,.70,20,60,4,2,1920,1792,1024,4,962,64.18,151251932,486,7177340,7164957,10,12839,5,192000000,1,8,1,true,false,none,true,true,60000000,300000,true,false,1000,8,8,140,50,20,.7,.80,.3,.9,.6,1400,.70,20,60,4,2,1920,1792,1024,4,962,3.63,9676,243,10,10,5
139.789,3,81772,25,256000000,12,8,4,false,false,inial,true,false,100000000,200000,true,false,900,8,10,110,90,20,.8,.60,.2,.5,1.0,1400,.80,60,50,1,4,1024,1152,1920,3,498,143.34,157086948,148908642,29999795,18692833,6877340,18340,25,256000000,12,8,4,false,false,inial,true,false,100000000,200000,true,false,900,8,10,110,90,20,.8,.60,.2,.5,1.0,1400,.80,60,50,1,4,1024,1152,1920,3,498,64.18,151251932,486,7177340,7164957,10,12075,25,256000000,1,8,4,false,false,inial,true,false,100000000,200000,true,false,900,8,10,110,90,20,.8,.60,.2,.5,1.0,1400,.80,60,50,1,4,1024,1152,1920,3,498,3.63,9676,243,10,10,5
213.816,3,143806,50,128000000,51,8,1,true,false,none,true,false,30000000,250000,false,true,600,6,2,150,70,5,.5,.60,.5,.6,.5,1000,.70,40,60,4,4,1024,1152,1664,1,882,143.34,157086948,148908642,29999795,18692833,6877340,29951,50,128000000,51,8,1,true,false,none,true,false,30000000,250000,false,true,600,6,2,150,70,5,.5,.60,.5,.6,.5,1000,.70,40,60,4,4,1024,1152,1664,1,882,64.18,151251932,486,7177340,7164957,10,11873,50,128000000,1,8,1,true,false,none,true,false,30000000,250000,false,true,600,6,2,150,70,5,.5,.60,.5,.6,.5,1000,.70,40,60,4,4,1024,1152,1664,1,882,3.63,9676,243,10,10,5
191.789,3,101227,10,384000000,101,8,2,true,false,ore,true,false,50000000,350000,false,false,1000,4,6,140,90,10,.5,.85,.5,.9,.7,1100,.55,80,50,4,3,2048,1536,2048,1,475,143.34,157086948,148908642,29999795,18692833,6877340,46986,10,384000000,101,8,2,true,false,ore,true,false,50000000,350000,false,false,1000,4,6,140,90,10,.5,.85,.5,.9,.7,1100,.55,80,50,4,3,2048,1536,2048,1,475,64.18,151251932,486,7177340,7164957,10,12596,10,384000000,1,8,2,true,false,ore,true,false,50000000,350000,false,false,1000,4,6,140,90,10,.5,.85,.5,.9,.7,1100,.55,80,50,4,3,2048,1536,2048,1,475,3.63,9676,243,10,10,5
206.056,3,147098,50,512000000,23,8,2,true,false,none,false,true,80000000,250000,false,true,500,12,2,130,70,20,.6,.85,.2,.9,.4,800,.95,60,60,3,2,2048,1920,1152,3,255,143.34,157086948,148908642,29999795,18692833,6877340,19107,50,512000000,23,8,2,true,false,none,false,true,80000000,250000,false,true,500,12,2,130,70,20,.6,.85,.2,.9,.4,800,.95,60,60,3,2,2048,1920,1152,3,255,64.18,151251932,486,7177340,7164957,10,11504,50,512000000,1,8,2,true,false,none,false,true,80000000,250000,false,true,500,12,2,130,70,20,.6,.85,.2,.9,.4,800,.95,60,60,3,2,2048,1920,1152,3,255,3.63,9676,243,10,10,5
175.582,3,102681,25,128000000,63,8,2,true,false,ore,false,false,80000000,200000,false,false,700,10,2,110,100,5,.6,.75,.5,.8,1.0,600,.05,30,60,3,1,1408,1024,1408,4,724,143.34,157086948,148908642,29999795,18692833,6877340,32815,25,128000000,63,8,2,true,false,ore,false,false,80000000,200000,false,false,700,10,2,110,100,5,.6,.75,.5,.8,1.0,600,.05,30,60,3,1,1408,1024,1408,4,724,64.18,151251932,486,7177340,7164957,10,12633,25,128000000,1,8,2,true,false,ore,false,false,80000000,200000,false,false,700,10,2,110,100,5,.6,.75,.5,.8,1.0,600,.05,30,60,3,1,1408,1024,1408,4,724,3.63,9676,243,10,10,5
165.809,3,79793,5,384000000,89,8,4,false,false,inial,true,false,30000000,250000,true,true,800,4,8,120,20,20,1.0,.75,.3,.7,.2,900,.70,30,60,4,1,1280,1536,1024,1,805,143.34,157086948,148908642,29999795,18692833,6877340,44785,5,384000000,89,8,4,false,false,inial,true,false,30000000,250000,true,true,800,4,8,120,20,20,1.0,.75,.3,.7,.2,900,.70,30,60,4,1,1280,1536,1024,1,805,64.18,151251932,486,7177340,7164957,10,12801,5,384000000,1,8,4,false,false,inial,true,false,30000000,250000,true,true,800,4,8,120,20,20,1.0,.75,.3,.7,.2,900,.70,30,60,4,1,1280,1536,1024,1,805,3.63,9676,243,10,10,5
157.604,3,80695,5,128000000,73,8,3,false,false,ore,false,false,80000000,250000,false,false,1000,10,4,150,100,15,.6,.55,.2,.6,.8,1800,.85,40,60,4,3,1664,1152,1664,4,541,143.34,157086948,148908642,29999795,18692833,6877340,38376,5,128000000,73,8,3,false,false,ore,false,false,80000000,250000,false,false,1000,10,4,150,100,15,.6,.55,.2,.6,.8,1800,.85,40,60,4,3,1664,1152,1664,4,541,64.18,151251932,486,7177340,7164957,10,12597,5,128000000,1,8,3,false,false,ore,false,false,80000000,250000,false,false,1000,10,4,150,100,15,.6,.55,.2,.6,.8,1800,.85,40,60,4,3,1664,1152,1664,4,541,3.63,9676,243,10,10,5
164.745,3,89923,25,256000000,57,8,4,true,false,none,true,true,80000000,100000,true,false,500,4,6,150,50,15,.5,.70,.4,.6,.8,1500,.30,70,60,4,1,1792,2048,1792,2,796,143.34,157086948,148908642,29999795,18692833,6877340,30750,25,256000000,57,8,4,true,false,none,true,true,80000000,100000,true,false,500,4,6,150,50,15,.5,.70,.4,.6,.8,1500,.30,70,60,4,1,1792,2048,1792,2,796,64.18,151251932,486,7177340,7164957,10,11615,25,256000000,1,8,4,true,false,none,true,true,80000000,100000,true,false,500,4,6,150,50,15,.5,.70,.4,.6,.8,1500,.30,70,60,4,1,1792,2048,1792,2,796,3.63,9676,243,10,10,5
124.049,3,59076,10,128000000,32,8,2,true,false,ore,true,true,80000000,400000,true,true,800,2,12,140,20,10,.5,.90,.5,.8,.2,1600,.05,40,40,1,3,2048,1536,1152,3,505,143.34,157086948,148908642,29999795,18692833,6877340,21807,10,128000000,32,8,2,true,false,ore,true,true,80000000,400000,true,true,800,2,12,140,20,10,.5,.90,.5,.8,.2,1600,.05,40,40,1,3,2048,1536,1152,3,505,64.18,151251932,486,7177340,7164957,10,11849,10,128000000,1,8,2,true,false,ore,true,true,80000000,400000,true,true,800,2,12,140,20,10,.5,.90,.5,.8,.2,1600,.05,40,40,1,3,2048,1536,1152,3,505,3.63,9676,243,10,10,5
210.037,3,110912,10,320000000,117,8,4,true,false,ore,true,true,70000000,300000,true,false,500,4,8,140,70,20,.6,.95,.2,.8,0,800,.50,100,60,4,2,1536,2048,1280,3,570,143.34,157086948,148908642,29999795,18692833,6877340,54849,10,320000000,117,8,4,true,false,ore,true,true,70000000,300000,true,false,500,4,8,140,70,20,.6,.95,.2,.8,0,800,.50,100,60,4,2,1536,2048,1280,3,570,64.18,151251932,486,7177340,7164957,10,12738,10,320000000,1,8,4,true,false,ore,true,true,70000000,300000,true,false,500,4,8,140,70,20,.6,.95,.2,.8,0,800,.50,100,60,4,2,1536,2048,1280,3,570,3.63,9676,243,10,10,5
211.94,3,143572,50,448000000,34,8,4,false,false,inial,true,false,20000000,150000,false,false,1000,10,12,120,100,10,.9,.50,.4,.5,.5,1300,.65,60,60,1,1,1664,2048,1664,3,457,143.34,157086948,148908642,29999795,18692833,6877340,27873,50,448000000,34,8,4,false,false,inial,true,false,20000000,150000,false,false,1000,10,12,120,100,10,.9,.50,.4,.5,.5,1300,.65,60,60,1,1,1664,2048,1664,3,457,64.18,151251932,486,7177340,7164957,10,11644,50,448000000,1,8,4,false,false,inial,true,false,20000000,150000,false,false,1000,10,12,120,100,10,.9,.50,.4,.5,.5,1300,.65,60,60,1,1,1664,2048,1664,3,457,3.63,9676,243,10,10,5
213.828,3,114281,10,512000000,122,8,3,false,false,none,false,true,50000000,300000,false,true,1000,2,6,110,40,20,.5,.60,.2,.8,.4,1900,.90,30,40,3,1,1280,1792,1024,1,394,143.34,157086948,148908642,29999795,18692833,6877340,58322,10,512000000,122,8,3,false,false,none,false,true,50000000,300000,false,true,1000,2,6,110,40,20,.5,.60,.2,.8,.4,1900,.90,30,40,3,1,1280,1792,1024,1,394,64.18,151251932,486,7177340,7164957,10,12722,10,512000000,1,8,3,false,false,none,false,true,50000000,300000,false,true,1000,2,6,110,40,20,.5,.60,.2,.8,.4,1900,.90,30,40,3,1,1280,1792,1024,1,394,3.63,9676,243,10,10,5
226.006,3,132107,25,384000000,114,8,3,true,false,ore,true,false,20000000,350000,true,true,1000,2,12,150,50,5,.5,.85,.4,.8,0,1400,.20,20,60,4,2,1280,1920,1920,2,386,143.34,157086948,148908642,29999795,18692833,6877340,52475,25,384000000,114,8,3,true,false,ore,true,false,20000000,350000,true,true,1000,2,12,150,50,5,.5,.85,.4,.8,0,1400,.20,20,60,4,2,1280,1920,1920,2,386,64.18,151251932,486,7177340,7164957,10,12522,25,384000000,1,8,3,true,false,ore,true,false,20000000,350000,true,true,1000,2,12,150,50,5,.5,.85,.4,.8,0,1400,.20,20,60,4,2,1280,1920,1920,2,386,3.63,9676,243,10,10,5
137.78,3,68695,10,256000000,48,8,3,true,false,ore,true,false,60000000,100000,false,false,600,2,8,130,20,20,.6,.80,.5,.5,1.0,1700,.80,80,60,3,3,1024,1792,1024,1,658,143.34,157086948,148908642,29999795,18692833,6877340,28135,10,256000000,48,8,3,true,false,ore,true,false,60000000,100000,false,false,600,2,8,130,20,20,.6,.80,.5,.5,1.0,1700,.80,80,60,3,3,1024,1792,1024,1,658,64.18,151251932,486,7177340,7164957,10,11601,10,256000000,1,8,3,true,false,ore,true,false,60000000,100000,false,false,600,2,8,130,20,20,.6,.80,.5,.5,1.0,1700,.80,80,60,3,3,1024,1792,1024,1,658,3.63,9676,243,10,10,5
237.612,3,155480,50,384000000,73,8,3,false,false,ore,false,false,100000000,300000,false,true,1000,4,8,110,10,15,.8,.60,.3,.6,.1,1200,.10,100,50,4,2,1664,1664,1152,1,209,143.34,157086948,148908642,29999795,18692833,6877340,44971,50,384000000,73,8,3,false,false,ore,false,false,100000000,300000,false,true,1000,4,8,110,10,15,.8,.60,.3,.6,.1,1200,.10,100,50,4,2,1664,1664,1152,1,209,64.18,151251932,486,7177340,7164957,10,12667,50,384000000,1,8,3,false,false,ore,false,false,100000000,300000,false,true,1000,4,8,110,10,15,.8,.60,.3,.6,.1,1200,.10,100,50,4,2,1664,1664,1152,1,209,3.63,9676,243,10,10,5
197.997,3,102288,5,512000000,117,8,4,true,false,ore,true,true,70000000,250000,true,true,900,2,2,110,10,20,.7,.70,.5,.8,.9,900,1.00,30,50,2,1,1664,1792,2048,2,248,143.34,157086948,148908642,29999795,18692833,6877340,54047,5,512000000,117,8,4,true,false,ore,true,true,70000000,250000,true,true,900,2,2,110,10,20,.7,.70,.5,.8,.9,900,1.00,30,50,2,1,1664,1792,2048,2,248,64.18,151251932,486,7177340,7164957,10,12712,5,512000000,1,8,4,true,false,ore,true,true,70000000,250000,true,true,900,2,2,110,10,20,.7,.70,.5,.8,.9,900,1.00,30,50,2,1,1664,1792,2048,2,248,3.63,9676,243,10,10,5
215.713,3,142040,50,128000000,60,8,4,false,false,inial,false,false,70000000,150000,true,false,600,6,12,110,40,10,1.0,.95,.2,.7,.6,900,.50,60,60,1,4,1920,1536,2048,1,661,143.34,157086948,148908642,29999795,18692833,6877340,35743,50,128000000,60,8,4,false,false,inial,false,false,70000000,150000,true,false,600,6,12,110,40,10,1.0,.95,.2,.7,.6,900,.50,60,60,1,4,1920,1536,2048,1,661,64.18,151251932,486,7177340,7164957,10,11943,50,128000000,1,8,4,false,false,inial,false,false,70000000,150000,true,false,600,6,12,110,40,10,1.0,.95,.2,.7,.6,900,.50,60,60,1,4,1920,1536,2048,1,661,3.63,9676,243,10,10,5
256.046,3,141724,5,320000000,110,8,1,false,false,inial,true,true,40000000,300000,true,false,700,8,2,110,50,5,1.0,.50,.4,.9,.3,700,.50,80,50,4,2,1152,2048,1280,3,421,143.34,157086948,148908642,29999795,18692833,6877340,63728,5,320000000,110,8,1,false,false,inial,true,true,40000000,300000,true,false,700,8,2,110,50,5,1.0,.50,.4,.9,.3,700,.50,80,50,4,2,1152,2048,1280,3,421,64.18,151251932,486,7177340,7164957,10,14241,5,320000000,1,8,1,false,false,inial,true,true,40000000,300000,true,false,700,8,2,110,50,5,1.0,.50,.4,.9,.3,700,.50,80,50,4,2,1152,2048,1280,3,421,3.63,9676,243,10,10,5
161.647,3,100483,25,448000000,61,8,2,true,false,none,false,false,80000000,350000,false,false,500,6,10,110,40,10,.7,.80,.3,.5,.8,1000,0,90,50,2,2,1792,1792,1024,1,929,143.34,157086948,148908642,29999795,18692833,6877340,27976,25,448000000,61,8,2,true,false,none,false,false,80000000,350000,false,false,500,6,10,110,40,10,.7,.80,.3,.5,.8,1000,0,90,50,2,2,1792,1792,1024,1,929,64.18,151251932,486,7177340,7164957,10,7835,25,448000000,1,8,2,true,false,none,false,false,80000000,350000,false,false,500,6,10,110,40,10,.7,.80,.3,.5,.8,1000,0,90,50,2,2,1792,1792,1024,1,929,3.63,9676,243,10,10,5
205.816,3,119732,25,128000000,94,8,1,false,false,inial,false,true,60000000,350000,false,true,700,2,8,150,70,15,.5,.75,.3,.9,.4,1400,.15,30,50,1,2,1024,1152,1152,4,369,143.34,157086948,148908642,29999795,18692833,6877340,47555,25,128000000,94,8,1,false,false,inial,false,true,60000000,350000,false,true,700,2,8,150,70,15,.5,.75,.3,.9,.4,1400,.15,30,50,1,2,1024,1152,1152,4,369,64.18,151251932,486,7177340,7164957,10,11543,25,128000000,1,8,1,false,false,inial,false,true,60000000,350000,false,true,700,2,8,150,70,15,.5,.75,.3,.9,.4,1400,.15,30,50,1,2,1024,1152,1152,4,369,3.63,9676,243,10,10,5
122.033,3,57354,5,192000000,24,8,1,false,false,inial,true,true,70000000,300000,true,true,1000,8,8,130,80,15,.8,.80,.5,.6,.9,1300,.95,80,50,1,2,1280,1536,1920,1,548,143.34,157086948,148908642,29999795,18692833,6877340,21300,5,192000000,24,8,1,false,false,inial,true,true,70000000,300000,true,true,1000,8,8,130,80,15,.8,.80,.5,.6,.9,1300,.95,80,50,1,2,1280,1536,1920,1,548,64.18,151251932,486,7177340,7164957,10,11613,5,192000000,1,8,1,false,false,inial,true,true,70000000,300000,true,true,1000,8,8,130,80,15,.8,.80,.5,.6,.9,1300,.95,80,50,1,2,1280,1536,1920,1,548,3.63,9676,243,10,10,5
209.967,3,142635,50,448000000,17,8,1,false,false,none,true,false,80000000,150000,false,true,800,8,4,150,80,10,1.0,1.00,.5,.7,0,1000,.45,100,60,1,4,1152,1408,1664,3,259,143.34,157086948,148908642,29999795,18692833,6877340,25482,50,448000000,17,8,1,false,false,none,true,false,80000000,150000,false,true,800,8,4,150,80,10,1.0,1.00,.5,.7,0,1000,.45,100,60,1,4,1152,1408,1664,3,259,64.18,151251932,486,7177340,7164957,10,11936,50,448000000,1,8,1,false,false,none,true,false,80000000,150000,false,true,800,8,4,150,80,10,1.0,1.00,.5,.7,0,1000,.45,100,60,1,4,1152,1408,1664,3,259,3.63,9676,243,10,10,5
255.942,3,164235,50,192000000,93,8,2,false,false,none,true,true,30000000,150000,true,false,600,4,12,110,70,10,.7,.55,.5,.7,.9,2000,.50,40,50,2,3,1920,1920,1152,1,822,143.34,157086948,148908642,29999795,18692833,6877340,48026,50,192000000,93,8,2,false,false,none,true,true,30000000,150000,true,false,600,4,12,110,70,10,.7,.55,.5,.7,.9,2000,.50,40,50,2,3,1920,1920,1152,1,822,64.18,151251932,486,7177340,7164957,10,12769,50,192000000,1,8,2,false,false,none,true,true,30000000,150000,true,false,600,4,12,110,70,10,.7,.55,.5,.7,.9,2000,.50,40,50,2,3,1920,1920,1152,1,822,3.63,9676,243,10,10,5
211.625,3,118968,25,128000000,122,8,4,true,false,ore,false,false,30000000,300000,false,true,800,4,2,110,100,20,.6,.90,.4,.6,.3,1800,.10,30,40,1,3,2048,1536,2048,3,337,143.34,157086948,148908642,29999795,18692833,6877340,55003,25,128000000,122,8,4,true,false,ore,false,false,30000000,300000,false,true,800,4,2,110,100,20,.6,.90,.4,.6,.3,1800,.10,30,40,1,3,2048,1536,2048,3,337,64.18,151251932,486,7177340,7164957,10,11550,25,128000000,1,8,4,true,false,ore,false,false,30000000,300000,false,true,800,4,2,110,100,20,.6,.90,.4,.6,.3,1800,.10,30,40,1,3,2048,1536,2048,3,337,3.63,9676,243,10,10,5
107.961,3,53498,5,128000000,9,8,4,true,false,inial,false,true,90000000,100000,true,false,1000,4,10,120,50,15,.6,.70,.3,.6,.2,1500,.30,90,50,3,3,1536,1792,1024,4,792,143.34,157086948,148908642,29999795,18692833,6877340,14813,5,128000000,9,8,4,true,false,inial,false,true,90000000,100000,true,false,1000,4,10,120,50,15,.6,.70,.3,.6,.2,1500,.30,90,50,3,3,1536,1792,1024,4,792,64.18,151251932,486,7177340,7164957,10,11806,5,128000000,1,8,4,true,false,inial,false,true,90000000,100000,true,false,1000,4,10,120,50,15,.6,.70,.3,.6,.2,1500,.30,90,50,3,3,1536,1792,1024,4,792,3.63,9676,243,10,10,5
287.954,3,179336,50,256000000,123,8,4,false,false,none,false,true,70000000,200000,false,true,700,8,8,110,60,15,.7,.90,.2,.8,.2,900,.75,100,40,1,4,1152,2048,1664,4,1011,143.34,157086948,148908642,29999795,18692833,6877340,65598,50,256000000,123,8,4,false,false,none,false,true,70000000,200000,false,true,700,8,8,110,60,15,.7,.90,.2,.8,.2,900,.75,100,40,1,4,1152,2048,1664,4,1011,64.18,151251932,486,7177340,7164957,10,12704,50,256000000,1,8,4,false,false,none,false,true,70000000,200000,false,true,700,8,8,110,60,15,.7,.90,.2,.8,.2,900,.75,100,40,1,4,1152,2048,1664,4,1011,3.63,9676,243,10,10,5
205.975,3,108331,10,384000000,119,8,1,true,false,none,false,true,60000000,350000,false,true,700,10,8,130,10,20,.7,1.00,.2,.7,.8,1900,.30,50,60,1,4,1280,1920,1408,1,328,143.34,157086948,148908642,29999795,18692833,6877340,54844,10,384000000,119,8,1,true,false,none,false,true,60000000,350000,false,true,700,10,8,130,10,20,.7,1.00,.2,.7,.8,1900,.30,50,60,1,4,1280,1920,1408,1,328,64.18,151251932,486,7177340,7164957,10,12689,10,384000000,1,8,1,true,false,none,false,true,60000000,350000,false,true,700,10,8,130,10,20,.7,1.00,.2,.7,.8,1900,.30,50,60,1,4,1280,1920,1408,1,328,3.63,9676,243,10,10,5
111.889,3,57203,5,256000000,2,8,1,true,false,inial,true,false,80000000,200000,false,false,900,4,10,150,30,10,.6,.95,.2,.8,.4,500,.95,70,50,3,1,1664,1152,1920,3,424,143.34,157086948,148908642,29999795,18692833,6877340,12456,5,256000000,2,8,1,true,false,inial,true,false,80000000,200000,false,false,900,4,10,150,30,10,.6,.95,.2,.8,.4,500,.95,70,50,3,1,1664,1152,1920,3,424,64.18,151251932,486,7177340,7164957,10,11981,5,256000000,1,8,1,true,false,inial,true,false,80000000,200000,false,false,900,4,10,150,30,10,.6,.95,.2,.8,.4,500,.95,70,50,3,1,1664,1152,1920,3,424,3.63,9676,243,10,10,5
276.085,3,176590,50,320000000,117,8,2,false,false,none,true,true,20000000,150000,true,false,900,10,2,120,90,15,.8,.55,.3,.8,.2,500,.65,100,60,1,1,1664,1152,1152,1,931,143.34,157086948,148908642,29999795,18692833,6877340,55176,50,320000000,117,8,2,false,false,none,true,true,20000000,150000,true,false,900,10,2,120,90,15,.8,.55,.3,.8,.2,500,.65,100,60,1,1,1664,1152,1152,1,931,64.18,151251932,486,7177340,7164957,10,12491,50,320000000,1,8,2,false,false,none,true,true,20000000,150000,true,false,900,10,2,120,90,15,.8,.55,.3,.8,.2,500,.65,100,60,1,1,1664,1152,1152,1,931,3.63,9676,243,10,10,5
103.771,3,48941,5,320000000,15,8,4,true,false,none,true,false,50000000,250000,false,false,800,2,8,100,30,15,.5,.80,.3,.7,.5,1500,.50,30,40,4,2,1536,1792,1536,2,974,143.34,157086948,148908642,29999795,18692833,6877340,16387,5,320000000,15,8,4,true,false,none,true,false,50000000,250000,false,false,800,2,8,100,30,15,.5,.80,.3,.7,.5,1500,.50,30,40,4,2,1536,1792,1536,2,974,64.18,151251932,486,7177340,7164957,10,11685,5,320000000,1,8,4,true,false,none,true,false,50000000,250000,false,false,800,2,8,100,30,15,.5,.80,.3,.7,.5,1500,.50,30,40,4,2,1536,1792,1536,2,974,3.63,9676,243,10,10,5
122.048,3,61353,10,320000000,22,8,3,true,false,ore,false,true,80000000,400000,true,false,500,6,8,100,80,5,1.0,.55,.2,.9,.2,600,.50,80,60,2,4,2048,1536,1152,2,660,143.34,157086948,148908642,29999795,18692833,6877340,18325,10,320000000,22,8,3,true,false,ore,false,true,80000000,400000,true,false,500,6,8,100,80,5,1.0,.55,.2,.9,.2,600,.50,80,60,2,4,2048,1536,1152,2,660,64.18,151251932,486,7177340,7164957,10,14269,10,320000000,1,8,3,true,false,ore,false,true,80000000,400000,true,false,500,6,8,100,80,5,1.0,.55,.2,.9,.2,600,.50,80,60,2,4,2048,1536,1152,2,660,3.63,9676,243,10,10,5
149.807,3,93350,25,512000000,5,8,2,false,false,none,false,false,90000000,150000,false,false,800,4,4,130,40,20,.9,.85,.2,.6,.2,1100,.30,100,50,1,2,1024,1920,1920,2,747,143.34,157086948,148908642,29999795,18692833,6877340,14980,25,512000000,5,8,2,false,false,none,false,false,90000000,150000,false,false,800,4,4,130,40,20,.9,.85,.2,.6,.2,1100,.30,100,50,1,2,1024,1920,1920,2,747,64.18,151251932,486,7177340,7164957,10,15402,25,512000000,1,8,2,false,false,none,false,false,90000000,150000,false,false,800,4,4,130,40,20,.9,.85,.2,.6,.2,1100,.30,100,50,1,2,1024,1920,1920,2,747,3.63,9676,243,10,10,5
200.112,3,100715,10,128000000,128,8,2,true,false,ore,true,true,60000000,400000,false,false,500,2,2,140,60,10,1.0,.55,.3,.8,.5,600,.40,80,60,2,2,1664,1280,1664,3,346,143.34,157086948,148908642,29999795,18692833,6877340,56909,10,128000000,128,8,2,true,false,ore,true,true,60000000,400000,false,false,500,2,2,140,60,10,1.0,.55,.3,.8,.5,600,.40,80,60,2,2,1664,1280,1664,3,346,64.18,151251932,486,7177340,7164957,10,12952,10,128000000,1,8,2,true,false,ore,true,true,60000000,400000,false,false,500,2,2,140,60,10,1.0,.55,.3,.8,.5,600,.40,80,60,2,2,1664,1280,1664,3,346,3.63,9676,243,10,10,5
289.987,3,188970,50,320000000,119,8,3,true,false,none,true,true,30000000,250000,false,true,600,8,10,120,40,20,.5,.55,.4,.9,.1,1300,.15,70,60,2,4,1408,1024,1408,1,261,143.34,157086948,148908642,29999795,18692833,6877340,54207,50,320000000,119,8,3,true,false,none,true,true,30000000,250000,false,true,600,8,10,120,40,20,.5,.55,.4,.9,.1,1300,.15,70,60,2,4,1408,1024,1408,1,261,64.18,151251932,486,7177340,7164957,10,12044,50,320000000,1,8,3,true,false,none,true,true,30000000,250000,false,true,600,8,10,120,40,20,.5,.55,.4,.9,.1,1300,.15,70,60,2,4,1408,1024,1408,1,261,3.63,9676,243,10,10,5
173.709,3,125570,50,512000000,19,8,2,false,false,inial,false,false,20000000,250000,false,false,900,8,6,100,90,15,.7,.90,.3,.8,.5,600,0,20,50,2,4,1408,1408,1536,2,536,143.34,157086948,148908642,29999795,18692833,6877340,15180,50,512000000,19,8,2,false,false,inial,false,false,20000000,250000,false,false,900,8,6,100,90,15,.7,.90,.3,.8,.5,600,0,20,50,2,4,1408,1408,1536,2,536,64.18,151251932,486,7177340,7164957,10,8153,50,512000000,1,8,2,false,false,inial,false,false,20000000,250000,false,false,900,8,6,100,90,15,.7,.90,.3,.8,.5,600,0,20,50,2,4,1408,1408,1536,2,536,3.63,9676,243,10,10,5
135.768,3,72019,25,320000000,28,8,2,false,false,none,true,false,100000000,100000,true,false,1000,8,6,100,40,15,.5,.65,.5,.5,.3,1700,.45,30,50,1,1,1664,1280,1536,2,706,143.34,157086948,148908642,29999795,18692833,6877340,24066,25,320000000,28,8,2,false,false,none,true,false,100000000,100000,true,false,1000,8,6,100,40,15,.5,.65,.5,.5,.3,1700,.45,30,50,1,1,1664,1280,1536,2,706,64.18,151251932,486,7177340,7164957,10,11719,25,320000000,1,8,2,false,false,none,true,false,100000000,100000,true,false,1000,8,6,100,40,15,.5,.65,.5,.5,.3,1700,.45,30,50,1,1,1664,1280,1536,2,706,3.63,9676,243,10,10,5
147.856,3,73493,5,320000000,61,8,3,false,false,inial,true,false,20000000,100000,true,false,700,2,6,110,40,10,1.0,.85,.3,.9,.6,2000,.05,50,40,1,2,2048,2048,1408,2,249,143.34,157086948,148908642,29999795,18692833,6877340,34183,5,320000000,61,8,3,false,false,inial,true,false,20000000,100000,true,false,700,2,6,110,40,10,1.0,.85,.3,.9,.6,2000,.05,50,40,1,2,2048,2048,1408,2,249,64.18,151251932,486,7177340,7164957,10,11591,5,320000000,1,8,3,false,false,inial,true,false,20000000,100000,true,false,700,2,6,110,40,10,1.0,.85,.3,.9,.6,2000,.05,50,40,1,2,2048,2048,1408,2,249,3.63,9676,243,10,10,5
261.624,3,162677,50,192000000,112,8,2,false,false,inial,false,false,40000000,300000,false,false,700,10,12,140,80,5,.8,.85,.4,.9,.4,1800,.85,100,40,4,4,1152,1664,2048,1,458,143.34,157086948,148908642,29999795,18692833,6877340,58504,50,192000000,112,8,2,false,false,inial,false,false,40000000,300000,false,false,700,10,12,140,80,5,.8,.85,.4,.9,.4,1800,.85,100,40,4,4,1152,1664,2048,1,458,64.18,151251932,486,7177340,7164957,10,13519,50,192000000,1,8,2,false,false,inial,false,false,40000000,300000,false,false,700,10,12,140,80,5,.8,.85,.4,.9,.4,1800,.85,100,40,4,4,1152,1664,2048,1,458,3.63,9676,243,10,10,5
141.899,3,64821,5,192000000,64,8,3,true,false,inial,false,true,100000000,200000,true,true,500,2,6,150,40,10,.9,1.00,.2,.7,.5,1500,.55,20,40,1,2,1408,1024,1920,4,798,143.34,157086948,148908642,29999795,18692833,6877340,35558,5,192000000,64,8,3,true,false,inial,false,true,100000000,200000,true,true,500,2,6,150,40,10,.9,1.00,.2,.7,.5,1500,.55,20,40,1,2,1408,1024,1920,4,798,64.18,151251932,486,7177340,7164957,10,12432,5,192000000,1,8,3,true,false,inial,false,true,100000000,200000,true,true,500,2,6,150,40,10,.9,1.00,.2,.7,.5,1500,.55,20,40,1,2,1408,1024,1920,4,798,3.63,9676,243,10,10,5
206.031,3,106310,10,192000000,118,8,2,false,false,none,false,true,30000000,350000,true,true,700,10,12,120,50,15,.7,.60,.5,.5,.3,1500,.95,50,60,4,2,1152,1024,1920,4,985,143.34,157086948,148908642,29999795,18692833,6877340,59818,10,192000000,118,8,2,false,false,none,false,true,30000000,350000,true,true,700,10,12,120,50,15,.7,.60,.5,.5,.3,1500,.95,50,60,4,2,1152,1024,1920,4,985,64.18,151251932,486,7177340,7164957,10,12565,10,192000000,1,8,2,false,false,none,false,true,30000000,350000,true,true,700,10,12,120,50,15,.7,.60,.5,.5,.3,1500,.95,50,60,4,2,1152,1024,1920,4,985,3.63,9676,243,10,10,5
203.865,3,101131,10,448000000,128,8,4,true,false,ore,true,false,40000000,300000,false,false,1000,4,10,100,10,15,.8,1.00,.5,.5,0,700,1.00,40,50,3,1,1536,2048,1024,3,703,143.34,157086948,148908642,29999795,18692833,6877340,60961,10,448000000,128,8,4,true,false,ore,true,false,40000000,300000,false,false,1000,4,10,100,10,15,.8,1.00,.5,.5,0,700,1.00,40,50,3,1,1536,2048,1024,3,703,64.18,151251932,486,7177340,7164957,10,12979,10,448000000,1,8,4,true,false,ore,true,false,40000000,300000,false,false,1000,4,10,100,10,15,.8,1.00,.5,.5,0,700,1.00,40,50,3,1,1536,2048,1024,3,703,3.63,9676,243,10,10,5
161.933,3,76622,5,256000000,70,8,4,false,false,inial,true,false,30000000,350000,false,false,1000,12,10,110,40,5,.7,.75,.5,.8,.6,700,.55,100,40,1,3,1408,2048,1664,3,537,143.34,157086948,148908642,29999795,18692833,6877340,41306,5,256000000,70,8,4,false,false,inial,true,false,30000000,350000,false,false,1000,12,10,110,40,5,.7,.75,.5,.8,.6,700,.55,100,40,1,3,1408,2048,1664,3,537,64.18,151251932,486,7177340,7164957,10,12524,5,256000000,1,8,4,false,false,inial,true,false,30000000,350000,false,false,1000,12,10,110,40,5,.7,.75,.5,.8,.6,700,.55,100,40,1,3,1408,2048,1664,3,537,3.63,9676,243,10,10,5
132.242,3,60626,5,320000000,44,8,3,false,false,ore,true,true,90000000,100000,false,false,1000,4,10,120,30,20,.9,.55,.2,.6,.6,1900,.80,20,60,1,2,1024,1920,2048,3,257,143.34,157086948,148908642,29999795,18692833,6877340,28555,5,320000000,44,8,3,false,false,ore,true,true,90000000,100000,false,false,1000,4,10,120,30,20,.9,.55,.2,.6,.6,1900,.80,20,60,1,2,1024,1920,2048,3,257,64.18,151251932,486,7177340,7164957,10,11716,5,320000000,1,8,3,false,false,ore,true,true,90000000,100000,false,false,1000,4,10,120,30,20,.9,.55,.2,.6,.6,1900,.80,20,60,1,2,1024,1920,2048,3,257,3.63,9676,243,10,10,5
191.884,3,136242,50,320000000,12,8,2,true,false,none,true,false,40000000,400000,true,false,600,6,4,150,60,15,.6,.60,.3,.6,.7,1900,.10,10,50,3,4,1408,1792,2048,3,589,143.34,157086948,148908642,29999795,18692833,6877340,15565,50,320000000,12,8,2,true,false,none,true,false,40000000,400000,true,false,600,6,4,150,60,15,.6,.60,.3,.6,.7,1900,.10,10,50,3,4,1408,1792,2048,3,589,64.18,151251932,486,7177340,7164957,10,11574,50,320000000,1,8,2,true,false,none,true,false,40000000,400000,true,false,600,6,4,150,60,15,.6,.60,.3,.6,.7,1900,.10,10,50,3,4,1408,1792,2048,3,589,3.63,9676,243,10,10,5
253.838,3,160937,50,384000000,102,8,2,true,false,ore,true,false,50000000,250000,false,false,900,6,6,110,30,15,.6,.75,.2,.6,.9,1000,.95,50,60,2,1,1664,1024,1920,3,849,143.34,157086948,148908642,29999795,18692833,6877340,47990,50,384000000,102,8,2,true,false,ore,true,false,50000000,250000,false,false,900,6,6,110,30,15,.6,.75,.2,.6,.9,1000,.95,50,60,2,1,1664,1024,1920,3,849,64.18,151251932,486,7177340,7164957,10,12933,50,384000000,1,8,2,true,false,ore,true,false,50000000,250000,false,false,900,6,6,110,30,15,.6,.75,.2,.6,.9,1000,.95,50,60,2,1,1664,1024,1920,3,849,3.63,9676,243,10,10,5
145.84,3,74371,10,256000000,55,8,2,true,false,none,true,false,20000000,200000,true,true,600,8,2,100,90,10,1.0,.85,.5,.6,.1,1900,1.00,60,60,4,2,1792,1536,1280,3,490,143.34,157086948,148908642,29999795,18692833,6877340,29471,10,256000000,55,8,2,true,false,none,true,false,20000000,200000,true,true,600,8,2,100,90,10,1.0,.85,.5,.6,.1,1900,1.00,60,60,4,2,1792,1536,1280,3,490,64.18,151251932,486,7177340,7164957,10,12652,10,256000000,1,8,2,true,false,none,true,false,20000000,200000,true,true,600,8,2,100,90,10,1.0,.85,.5,.6,.1,1900,1.00,60,60,4,2,1792,1536,1280,3,490,3.63,9676,243,10,10,5
193.917,3,101100,10,256000000,96,8,3,false,false,ore,false,true,90000000,200000,true,false,500,8,6,100,90,10,.7,.90,.4,.9,.5,1700,.50,20,60,2,1,1024,2048,1664,3,1012,143.34,157086948,148908642,29999795,18692833,6877340,47496,10,256000000,96,8,3,false,false,ore,false,true,90000000,200000,true,false,500,8,6,100,90,10,.7,.90,.4,.9,.5,1700,.50,20,60,2,1,1024,2048,1664,3,1012,64.18,151251932,486,7177340,7164957,10,13624,10,256000000,1,8,3,false,false,ore,false,true,90000000,200000,true,false,500,8,6,100,90,10,.7,.90,.4,.9,.5,1700,.50,20,60,2,1,1024,2048,1664,3,1012,3.63,9676,243,10,10,5
